"","Player1","Player2","Opponent1","Opponent2","Rank","Year","Gender","Category","Matches","Wins","Losses","Points For","Points Against","Difference"
"1","Se Young AN",NA,"TAI Tzu Ying",NA,1,2023,"Women","Singles",7,6,1,328,271,57
"2","HAN Yue",NA,"ZHANG Yiman",NA,2,2023,"Women","Singles",6,4,2,294,281,13
"3","CHEN Yufei",NA,"Se Young AN",NA,3,2023,"Women","Singles",6,2,4,288,288,0
"4","Se Young AN",NA,"CHEN Yufei",NA,3,2023,"Women","Singles",6,4,2,288,288,0
"5","CHEN Yufei",NA,"Carolina MARIN",NA,5,2023,"Women","Singles",6,4,2,264,238,26
"6","Carolina MARIN",NA,"TAI Tzu Ying",NA,6,2023,"Women","Singles",5,3,2,255,221,34
"7","Se Young AN",NA,"HE Bingjiao",NA,7,2023,"Women","Singles",5,5,0,240,183,57
"8","Se Young AN",NA,"WANG Zhiyi",NA,8,2023,"Women","Singles",5,4,1,223,215,8
"9","Kirsty GILMOUR",NA,"Yvonne LI",NA,9,2023,"Women","Singles",5,3,2,222,198,24
"10","Gregoria Mariska TUNJUNG",NA,"PUSARLA V. Sindhu",NA,10,2023,"Women","Singles",5,2,3,221,203,18
"11","Se Young AN",NA,"Akane YAMAGUCHI",NA,11,2023,"Women","Singles",5,3,2,217,204,13
"12","Line Højmark KJAERSFELDT",NA,"Yvonne LI",NA,12,2023,"Women","Singles",4,4,0,204,155,49
"13","CHEN Yufei",NA,"HAN Yue",NA,13,2023,"Women","Singles",4,4,0,202,147,55
"14","Akane YAMAGUCHI",NA,"Gregoria Mariska TUNJUNG",NA,14,2023,"Women","Singles",4,3,1,199,171,28
"15","HAN Yue",NA,"YEO Jia Min",NA,14,2023,"Women","Singles",4,4,0,199,152,47
"16","CHEN Yufei",NA,"HE Bingjiao",NA,16,2023,"Women","Singles",4,4,0,192,152,40
"17","Akane YAMAGUCHI",NA,"CHEN Yufei",NA,17,2023,"Women","Singles",4,3,1,188,176,12
"18","WANG Zhiyi",NA,"ZHANG Yiman",NA,18,2023,"Women","Singles",4,2,2,186,167,19
"19","CHEN Yufei",NA,"WANG Zhiyi",NA,19,2023,"Women","Singles",4,4,0,182,152,30
"20","TAI Tzu Ying",NA,"Supanida KATETHONG",NA,20,2023,"Women","Singles",4,4,0,178,141,37
"21","TAI Tzu Ying",NA,"ZHANG Yiman",NA,21,2023,"Women","Singles",4,3,1,174,125,49
"22","WANG Zhiyi",NA,"Saena KAWAKAMI",NA,22,2023,"Women","Singles",4,4,0,170,109,61
"23","Ratchanok INTANON",NA,"Wen Chi HSU",NA,23,2023,"Women","Singles",4,4,0,168,117,51
"24","Busanan ONGBAMRUNGPHAN",NA,"Aya OHORI",NA,24,2023,"Women","Singles",4,3,1,166,152,14
"25","Gregoria Mariska TUNJUNG",NA,"KIM Ga Eun",NA,25,2023,"Women","Singles",3,3,0,162,142,20
"26","BAEK Ha Na","LEE So Hee","Nami MATSUYAMA","Chiharu SHIDA",1,2023,"Women","Doubles",7,6,1,352,329,23
"27","Nami MATSUYAMA","Chiharu SHIDA","Benyapa AIMSAARD","Nuntakarn AIMSAARD",2,2023,"Women","Doubles",5,4,1,238,199,39
"28","CHEN Qingchen","JIA Yifan","Nami MATSUYAMA","Chiharu SHIDA",3,2023,"Women","Doubles",5,4,1,204,165,39
"29","CHEN Qingchen","JIA Yifan","KIM So Yeong","KONG Hee Yong",4,2023,"Women","Doubles",4,2,2,195,171,24
"30","Nami MATSUYAMA","Chiharu SHIDA","Yuki FUKUSHIMA","Sayaka HIROTA",5,2023,"Women","Doubles",4,4,0,193,150,43
"31","Jongkolphan KITITHARAKUL","Rawinda PRAJONGJAI","Rin IWANAGA","Kie NAKANISHI",6,2023,"Women","Doubles",4,3,1,191,160,31
"32","LI Yijing","LUO Xumin","HSU Ya Ching","LIN Wan Ching",6,2023,"Women","Doubles",3,2,1,191,168,23
"33","Yuki FUKUSHIMA","Sayaka HIROTA","LI Wenmei","LIU Xuanxuan",8,2023,"Women","Doubles",5,2,3,185,155,30
"34","BAEK Ha Na","LEE So Hee","Apriyani RAHAYU","Siti Fadia Silva RAMADHANTI",10,2023,"Women","Doubles",4,3,1,184,157,27
"35","Maiken FRUERGAARD","Sara THYGESEN","Chloe BIRCH","Lauren SMITH",10,2023,"Women","Doubles",4,4,0,184,137,47
"36","Mayu MATSUMOTO","Wakana NAGAHARA","HSU Ya Ching","LIN Wan Ching",10,2023,"Women","Doubles",4,4,0,184,119,65
"37","KIM So Yeong","KONG Hee Yong","LI Wenmei","LIU Xuanxuan",12,2023,"Women","Doubles",3,2,1,178,170,8
"38","Rena MIYAURA","Ayako SAKURAMOTO","LIU Sheng Shu","TAN Ning",13,2023,"Women","Doubles",3,2,1,172,167,5
"39","KIM So Yeong","KONG Hee Yong","Benyapa AIMSAARD","Nuntakarn AIMSAARD",14,2023,"Women","Doubles",4,4,0,170,110,60
"40","Febriana Dwipuji KUSUMA","Amalia Cahaya PRATIWI","Lanny Tria MAYASARI","Ribka SUGIARTO",15,2023,"Women","Doubles",4,3,1,169,150,19
"41","LIU Sheng Shu","TAN Ning","Maiken FRUERGAARD","Sara THYGESEN",16,2023,"Women","Doubles",4,4,0,168,120,48
"42","LIU Sheng Shu","TAN Ning","Mayu MATSUMOTO","Wakana NAGAHARA",17,2023,"Women","Doubles",4,3,1,164,146,18
"43","LEE Yu Lim","SHIN Seung Chan","Febriana Dwipuji KUSUMA","Amalia Cahaya PRATIWI",17,2023,"Women","Doubles",3,3,0,164,140,24
"44","Yuki FUKUSHIMA","Sayaka HIROTA","Apriyani RAHAYU","Siti Fadia Silva RAMADHANTI",19,2023,"Women","Doubles",4,2,2,163,150,13
"45","CHEN Qingchen","JIA Yifan","BAEK Ha Na","LEE So Hee",20,2023,"Women","Doubles",4,3,1,156,130,26
"46","Rin IWANAGA","Kie NAKANISHI","LEE Chia Hsin","TENG Chun Hsun",21,2023,"Women","Doubles",3,3,0,153,129,24
"47","TAN Pearly Koong Le","Muralitharan THINAAH","Mayu MATSUMOTO","Wakana NAGAHARA",22,2023,"Women","Doubles",3,2,1,152,140,12
"48","Mayu MATSUMOTO","Wakana NAGAHARA","Benyapa AIMSAARD","Nuntakarn AIMSAARD",23,2023,"Women","Doubles",3,2,1,151,127,24
"49","KIM So Yeong","KONG Hee Yong","Mayu MATSUMOTO","Wakana NAGAHARA",24,2023,"Women","Doubles",3,2,1,150,135,15
"50","Nami MATSUYAMA","Chiharu SHIDA","LIU Sheng Shu","TAN Ning",24,2023,"Women","Doubles",3,2,1,150,134,16
"51","Kodai NARAOKA",NA,"SHI Yuqi",NA,1,2023,"Men","Singles",6,4,2,301,287,14
"52","Kodai NARAOKA",NA,"Anders ANTONSEN",NA,2,2023,"Men","Singles",6,4,2,266,262,4
"53","SHI Yuqi",NA,"LU Guangzu",NA,3,2023,"Men","Singles",5,4,1,230,208,22
"54","Viktor AXELSEN",NA,"Christo POPOV",NA,4,2023,"Men","Singles",4,4,0,200,146,54
"55","Anders ANTONSEN",NA,"WENG Hongyang",NA,5,2023,"Men","Singles",4,4,0,197,174,23
"56","Anthony Sinisuka GINTING",NA,"LI Shifeng",NA,6,2023,"Men","Singles",4,3,1,187,170,17
"57","LIN Chun-Yi",NA,"Toma Junior POPOV",NA,7,2023,"Men","Singles",4,2,2,185,183,2
"58","Viktor AXELSEN",NA,"Jonatan CHRISTIE",NA,8,2023,"Men","Singles",4,4,0,183,122,61
"59","WENG Hongyang",NA,"LEE Zii Jia",NA,9,2023,"Men","Singles",4,3,1,182,173,9
"60","Viktor AXELSEN",NA,"SHI Yuqi",NA,10,2023,"Men","Singles",4,3,1,181,148,33
"61","LOH Kean Yew",NA,"Kodai NARAOKA",NA,10,2023,"Men","Singles",3,3,0,181,135,46
"62","Kodai NARAOKA",NA,"PRANNOY H. S.",NA,12,2023,"Men","Singles",4,3,1,179,146,33
"63","LI Shifeng",NA,"LEE Zii Jia",NA,13,2023,"Men","Singles",3,2,1,175,156,19
"64","Kenta NISHIMOTO",NA,"Jonatan CHRISTIE",NA,15,2023,"Men","Singles",4,2,2,174,160,14
"65","WENG Hongyang",NA,"KIDAMBI Srikanth",NA,15,2023,"Men","Singles",3,2,1,174,147,27
"66","PRANNOY H. S.",NA,"LEE Cheuk Yiu",NA,15,2023,"Men","Singles",3,2,1,174,173,1
"67","Mads CHRISTOPHERSEN",NA,"Alex LANIER",NA,17,2023,"Men","Singles",3,1,2,171,171,0
"68","Alex LANIER",NA,"Mads CHRISTOPHERSEN",NA,17,2023,"Men","Singles",3,2,1,171,171,0
"69","Anders ANTONSEN",NA,"Toma Junior POPOV",NA,19,2023,"Men","Singles",3,3,0,169,151,18
"70","LEE Zii Jia",NA,"Tze Yong NG",NA,20,2023,"Men","Singles",3,3,0,168,147,21
"71","LOH Kean Yew",NA,"Christo POPOV",NA,21,2023,"Men","Singles",4,2,2,166,158,8
"72","Kenta NISHIMOTO",NA,"LEE Zii Jia",NA,23,2023,"Men","Singles",4,2,2,165,165,0
"73","LEE Zii Jia",NA,"Kenta NISHIMOTO",NA,23,2023,"Men","Singles",4,2,2,165,165,0
"74","Kunlavut VITIDSARN",NA,"WANG Tzu Wei",NA,23,2023,"Men","Singles",3,3,0,165,132,33
"75","LEE Zii Jia",NA,"Kodai NARAOKA",NA,23,2023,"Men","Singles",3,1,2,165,157,8
"76","Min Hyuk KANG","SEO Seung Jae","Fajar ALFIAN","Muhammad Rian ARDIANTO",1,2023,"Men","Doubles",6,3,3,302,302,0
"77","Fajar ALFIAN","Muhammad Rian ARDIANTO","Min Hyuk KANG","SEO Seung Jae",1,2023,"Men","Doubles",6,3,3,302,302,0
"78","LIANG Weikeng","WANG Chang","Aaron CHIA","SOH Wooi Yik",3,2023,"Men","Doubles",5,4,1,249,227,22
"79","Pramudya Kusumawardana RIYANTO","Yeremia Erich Yoche YACOB","Ayato ENDO","Yuta TAKEI",4,2023,"Men","Doubles",4,4,0,229,194,35
"80","Min Hyuk KANG","SEO Seung Jae","Takuro HOKI","Yugo KOBAYASHI",5,2023,"Men","Doubles",5,4,1,216,195,21
"81","Satwiksairaj RANKIREDDY","Chirag SHETTY","LIANG Weikeng","WANG Chang",6,2023,"Men","Doubles",4,1,3,213,202,11
"82","Min Hyuk KANG","SEO Seung Jae","Mohammad AHSAN","Hendra SETIAWAN",7,2023,"Men","Doubles",4,3,1,210,186,24
"83","Min Hyuk KANG","SEO Seung Jae","LEE Yang","WANG Chi-Lin",8,2023,"Men","Doubles",4,3,1,206,183,23
"84","LIU Yuchen","OU Xuanyi","Ben LANE","Sean VENDY",9,2023,"Men","Doubles",4,4,0,205,184,21
"85","Mohammad AHSAN","Hendra SETIAWAN","Pramudya Kusumawardana RIYANTO","Yeremia Erich Yoche YACOB",10,2023,"Men","Doubles",4,3,1,200,182,18
"86","Kim ASTRUP","Anders Skaarup RASMUSSEN","Mark LAMSFUSS","Marvin SEIDEL",11,2023,"Men","Doubles",3,2,1,178,161,17
"87","LEE Yang","WANG Chi-Lin","ONG Yew Sin","TEO Ee Yi",12,2023,"Men","Doubles",3,2,1,172,166,6
"88","Fajar ALFIAN","Muhammad Rian ARDIANTO","Muhammad Shohibul FIKRI","Bagas MAULANA",13,2023,"Men","Doubles",4,3,1,170,157,13
"89","Min Hyuk KANG","SEO Seung Jae","LIU Yuchen","OU Xuanyi",15,2023,"Men","Doubles",4,4,0,168,123,45
"90","Kim ASTRUP","Anders Skaarup RASMUSSEN","Keiichiro MATSUI","Yoshinori TAKEUCHI",15,2023,"Men","Doubles",4,4,0,168,109,59
"91","Akira KOGA","Taichi SAITO","Aaron CHIA","SOH Wooi Yik",15,2023,"Men","Doubles",4,3,1,168,161,7
"92","Aaron CHIA","SOH Wooi Yik","Muhammad Shohibul FIKRI","Bagas MAULANA",15,2023,"Men","Doubles",4,4,0,168,115,53
"93","LIANG Weikeng","WANG Chang","Mohammad AHSAN","Hendra SETIAWAN",18,2023,"Men","Doubles",3,2,1,167,159,8
"94","LIU Yuchen","OU Xuanyi","Akira KOGA","Taichi SAITO",19,2023,"Men","Doubles",3,2,1,164,151,13
"95","LIANG Weikeng","WANG Chang","Pramudya Kusumawardana RIYANTO","Yeremia Erich Yoche YACOB",20,2023,"Men","Doubles",3,2,1,159,138,21
"96","Muhammad Shohibul FIKRI","Bagas MAULANA","Satwiksairaj RANKIREDDY","Chirag SHETTY",21,2023,"Men","Doubles",3,2,1,158,152,6
"97","Satwiksairaj RANKIREDDY","Chirag SHETTY","Leo Rolly CARNANDO","Daniel MARTHIN",22,2023,"Men","Doubles",3,3,0,156,125,31
"98","Kim ASTRUP","Anders Skaarup RASMUSSEN","Leo Rolly CARNANDO","Daniel MARTHIN",22,2023,"Men","Doubles",3,2,1,156,133,23
"99","Leo Rolly CARNANDO","Daniel MARTHIN","Aaron CHIA","SOH Wooi Yik",24,2023,"Men","Doubles",4,3,1,155,150,5
"100","LEE Jhe-Huei","YANG Po-Hsuan","Keiichiro MATSUI","Yoshinori TAKEUCHI",25,2023,"Men","Doubles",3,2,1,153,132,21
"101","ZHENG Siwei","HUANG Yaqiong","SEO Seung Jae","CHAE YuJung",1,2023,"Mixed","Doubles",8,6,2,401,324,77
"102","Yuta WATANABE","Arisa HIGASHINO","TANG Chun Man","TSE Ying Suet",2,2023,"Mixed","Doubles",6,5,1,278,243,35
"103","TANG Chun Man","TSE Ying Suet","Rehan Naufal KUSHARJANTO","Lisa Ayu KUSUMAWATI",3,2023,"Mixed","Doubles",5,5,0,265,196,69
"104","FENG Yanzhe","HUANG Dongping","Dechapol PUAVARANUKROH","Sapsiree TAERATTANACHAI",4,2023,"Mixed","Doubles",5,3,2,253,248,5
"105","Dechapol PUAVARANUKROH","Sapsiree TAERATTANACHAI","SEO Seung Jae","CHAE YuJung",5,2023,"Mixed","Doubles",5,3,2,238,231,7
"106","ZHENG Siwei","HUANG Yaqiong","FENG Yanzhe","HUANG Dongping",6,2023,"Mixed","Doubles",5,4,1,232,182,50
"107","TANG Chun Man","TSE Ying Suet","GOH Soon Huat","LAI Shevon Jemie",7,2023,"Mixed","Doubles",5,5,0,231,172,59
"108","SEO Seung Jae","CHAE YuJung","JIANG Zhenbang","WEI Yaxin",7,2023,"Mixed","Doubles",5,4,1,231,202,29
"109","FENG Yanzhe","HUANG Dongping","Yuta WATANABE","Arisa HIGASHINO",9,2023,"Mixed","Doubles",4,3,1,227,208,19
"110","FENG Yanzhe","HUANG Dongping","Hiroki MIDORIKAWA","Natsu SAITO",10,2023,"Mixed","Doubles",5,5,0,226,160,66
"111","FENG Yanzhe","HUANG Dongping","JIANG Zhenbang","WEI Yaxin",10,2023,"Mixed","Doubles",5,5,0,226,172,54
"112","Dechapol PUAVARANUKROH","Sapsiree TAERATTANACHAI","Mathias CHRISTIANSEN","Alexandra BØJE",12,2023,"Mixed","Doubles",5,3,2,210,178,32
"113","Yuta WATANABE","Arisa HIGASHINO","LEE Chun Hei Reginald","NG Tsz Yau",13,2023,"Mixed","Doubles",4,4,0,205,150,55
"114","KIM Won Ho","JEONG Na Eun","Kyohei YAMASHITA","Naru SHINOYA",14,2023,"Mixed","Doubles",4,3,1,204,189,15
"115","JIANG Zhenbang","WEI Yaxin","Praveen JORDAN","Melati Daeva OKTAVIANTI",15,2023,"Mixed","Doubles",4,3,1,197,167,30
"116","ZHENG Siwei","HUANG Yaqiong","KIM Won Ho","JEONG Na Eun",16,2023,"Mixed","Doubles",4,2,2,188,165,23
"117","Mathias CHRISTIANSEN","Alexandra BØJE","YANG Po-Hsuan","HU Ling Fang",17,2023,"Mixed","Doubles",3,3,0,185,150,35
"118","Dechapol PUAVARANUKROH","Sapsiree TAERATTANACHAI","CHEN Tang Jie","TOH Ee Wei",18,2023,"Mixed","Doubles",4,3,1,175,150,25
"119","ZHENG Siwei","HUANG Yaqiong","Yuta WATANABE","Arisa HIGASHINO",19,2023,"Mixed","Doubles",4,2,2,172,157,15
"120","Yuta WATANABE","Arisa HIGASHINO","YE Hong Wei","LEE Chia Hsin",19,2023,"Mixed","Doubles",4,2,2,172,169,3
"121","ZHENG Siwei","HUANG Yaqiong","Dejan FERDINANSYAH","Gloria Emanuelle WIDJAJA",21,2023,"Mixed","Doubles",4,4,0,168,106,62
"122","Hiroki NISHI","Akari SATO","Ruttanapak OUPTHONG","Kwanchanok SUDJAIPRAPARAT",22,2023,"Mixed","Doubles",3,2,1,167,150,17
"123","TANG Chun Man","TSE Ying Suet","KIM Won Ho","JEONG Na Eun",23,2023,"Mixed","Doubles",3,2,1,165,158,7
"124","LEE Chun Hei Reginald","NG Tsz Yau","YE Hong Wei","LEE Chia Hsin",24,2023,"Mixed","Doubles",3,2,1,163,150,13
"125","HEE Yong Kai Terry","TAN Wei Han","DHRUV KAPILA","Tanisha CRASTO",24,2023,"Mixed","Doubles",3,2,1,163,149,14
"126","CHEN Yufei",NA,"TAI Tzu Ying",NA,1,2022,"Women","Singles",5,3,2,267,252,15
"127","Akane YAMAGUCHI",NA,"WANG Zhiyi",NA,2,2022,"Women","Singles",5,3,2,262,247,15
"128","TAI Tzu Ying",NA,"Ratchanok INTANON",NA,3,2022,"Women","Singles",5,4,1,247,209,38
"129","Akane YAMAGUCHI",NA,"CHEN Yufei",NA,4,2022,"Women","Singles",5,4,1,233,201,32
"130","Akane YAMAGUCHI",NA,"Se Young AN",NA,5,2022,"Women","Singles",5,4,1,225,176,49
"131","CHEN Yufei",NA,"ZHANG Yiman",NA,6,2022,"Women","Singles",5,5,0,221,164,57
"132","Se Young AN",NA,"HAN Yue",NA,6,2022,"Women","Singles",4,3,1,221,202,19
"133","CHEN Yufei",NA,"Ratchanok INTANON",NA,8,2022,"Women","Singles",4,3,1,211,183,28
"134","Se Young AN",NA,"Gregoria Mariska TUNJUNG",NA,9,2022,"Women","Singles",4,4,0,192,133,59
"135","HE Bingjiao",NA,"CHEN Yufei",NA,10,2022,"Women","Singles",5,3,2,190,176,14
"136","Gregoria Mariska TUNJUNG",NA,"Akane YAMAGUCHI",NA,11,2022,"Women","Singles",4,2,2,184,179,5
"137","Nozomi OKUHARA",NA,"Wen Chi HSU",NA,12,2022,"Women","Singles",3,3,0,179,146,33
"138","TAI Tzu Ying",NA,"Busanan ONGBAMRUNGPHAN",NA,13,2022,"Women","Singles",4,4,0,170,131,39
"139","HE Bingjiao",NA,"TAI Tzu Ying",NA,14,2022,"Women","Singles",4,2,2,165,161,4
"140","Supanida KATETHONG",NA,"PUSARLA V. Sindhu",NA,15,2022,"Women","Singles",3,1,2,163,155,8
"141","Yvonne LI",NA,"Julie Dawall JAKOBSEN",NA,16,2022,"Women","Singles",3,2,1,155,136,19
"142","HE Bingjiao",NA,"Busanan ONGBAMRUNGPHAN",NA,16,2022,"Women","Singles",3,3,0,155,120,35
"143","Ratchanok INTANON",NA,"HAN Yue",NA,18,2022,"Women","Singles",3,3,0,153,141,12
"144","PUSARLA V. Sindhu",NA,"HE Bingjiao",NA,19,2022,"Women","Singles",3,2,1,146,140,6
"145","CHEN Yufei",NA,"Michelle LI",NA,19,2022,"Women","Singles",3,3,0,146,110,36
"146","PUSARLA V. Sindhu",NA,"Lauren LAM",NA,22,2022,"Women","Singles",3,3,0,145,116,29
"147","Carolina MARIN",NA,"ZHANG Yiman",NA,22,2022,"Women","Singles",3,2,1,145,130,15
"148","Ratchanok INTANON",NA,"Kirsty GILMOUR",NA,22,2022,"Women","Singles",3,3,0,145,107,38
"149","HE Bingjiao",NA,"Akane YAMAGUCHI",NA,24,2022,"Women","Singles",3,2,1,144,139,5
"150","CHEN Yufei",NA,"Pornpawee CHOCHUWONG",NA,25,2022,"Women","Singles",3,3,0,143,116,27
"151","Benyapa AIMSAARD","Nuntakarn AIMSAARD","JEONG Na Eun","KIM Hye Jeong",1,2022,"Women","Doubles",6,4,2,250,230,20
"152","CHEN Qingchen","JIA Yifan","Jongkolphan KITITHARAKUL","Rawinda PRAJONGJAI",2,2022,"Women","Doubles",5,4,1,219,175,44
"153","DU Yue","LI Wenmei","Jongkolphan KITITHARAKUL","Rawinda PRAJONGJAI",3,2022,"Women","Doubles",4,3,1,208,185,23
"154","Nami MATSUYAMA","Chiharu SHIDA","JEONG Na Eun","KIM Hye Jeong",4,2022,"Women","Doubles",5,3,2,205,174,31
"155","CHEN Qingchen","JIA Yifan","Apriyani RAHAYU","Siti Fadia Silva RAMADHANTI",5,2022,"Women","Doubles",4,3,1,200,174,26
"156","TAN Pearly Koong Le","Muralitharan THINAAH","Apriyani RAHAYU","Siti Fadia Silva RAMADHANTI",6,2022,"Women","Doubles",4,2,2,195,190,5
"157","Apriyani RAHAYU","Siti Fadia Silva RAMADHANTI","ZHANG Shuxian","ZHENG Yu",7,2022,"Women","Doubles",4,3,1,187,186,1
"158","ZHANG Shuxian","ZHENG Yu","Jongkolphan KITITHARAKUL","Rawinda PRAJONGJAI",8,2022,"Women","Doubles",4,2,2,178,163,15
"159","TAN Pearly Koong Le","Muralitharan THINAAH","Yuki FUKUSHIMA","Sayaka HIROTA",9,2022,"Women","Doubles",4,2,2,174,165,9
"160","Jongkolphan KITITHARAKUL","Rawinda PRAJONGJAI","Treesa JOLLY","GAYATRI GOPICHAND PULLELA",10,2022,"Women","Doubles",4,4,0,173,137,36
"161","KIM So Yeong","KONG Hee Yong","Rachel HONDERICH","Kristen TSAI",11,2022,"Women","Doubles",3,3,0,164,124,40
"162","LEE So Hee","SHIN Seung Chan","ZHANG Shuxian","ZHENG Yu",12,2022,"Women","Doubles",3,1,2,153,147,6
"163","Jongkolphan KITITHARAKUL","Rawinda PRAJONGJAI","Benyapa AIMSAARD","Nuntakarn AIMSAARD",13,2022,"Women","Doubles",3,2,1,150,140,10
"164","CHEN Qingchen","JIA Yifan","TAN Pearly Koong Le","Muralitharan THINAAH",14,2022,"Women","Doubles",3,3,0,146,114,32
"165","ZHANG Shuxian","ZHENG Yu","Febriana Dwipuji KUSUMA","Amalia Cahaya PRATIWI",15,2022,"Women","Doubles",3,3,0,144,103,41
"166","CHEN Qingchen","JIA Yifan","ZHANG Shuxian","ZHENG Yu",15,2022,"Women","Doubles",3,3,0,144,120,24
"167","CHEN Qingchen","JIA Yifan","Nami MATSUYAMA","Chiharu SHIDA",17,2022,"Women","Doubles",3,2,1,135,116,19
"168","Nami MATSUYAMA","Chiharu SHIDA","TAN Pearly Koong Le","Muralitharan THINAAH",18,2022,"Women","Doubles",3,2,1,133,123,10
"169","ZHANG Shuxian","ZHENG Yu","Gabriela STOEVA","Stefani STOEVA",19,2022,"Women","Doubles",3,2,1,132,116,16
"170","CHEN Qingchen","JIA Yifan","Vivian HOO","LIM Chiew Sien",20,2022,"Women","Doubles",3,3,0,129,103,26
"171","Benyapa AIMSAARD","Nuntakarn AIMSAARD","Vivian HOO","LIM Chiew Sien",21,2022,"Women","Doubles",3,3,0,126,72,54
"172","Rena MIYAURA","Ayako SAKURAMOTO","Rui HIROKAMI","Yuna KATO",22,2022,"Women","Doubles",3,2,1,123,84,39
"173","JEONG Na Eun","KIM Hye Jeong","Supissara PAEWSAMPRAN","Puttita SUPAJIRAKUL",23,2022,"Women","Doubles",2,2,0,122,88,34
"174","CHEN Qingchen","JIA Yifan","BAEK Ha Na","LEE Yu Lim",23,2022,"Women","Doubles",2,1,1,122,111,11
"175","DU Yue","LI Wenmei","ZHANG Shuxian","ZHENG Yu",25,2022,"Women","Doubles",3,2,1,120,105,15
"176","Viktor AXELSEN",NA,"Anthony Sinisuka GINTING",NA,1,2022,"Men","Singles",6,6,0,289,183,106
"177","CHOU Tien Chen",NA,"LEE Cheuk Yiu",NA,2,2022,"Men","Singles",5,3,2,272,263,9
"178","Lakshya SEN",NA,"PRANNOY H. S.",NA,3,2022,"Men","Singles",5,3,2,213,203,10
"179","LEE Zii Jia",NA,"Shesar Hiren RHUSTAVITO",NA,4,2022,"Men","Singles",4,2,2,192,184,8
"180","Jonatan CHRISTIE",NA,"KIDAMBI Srikanth",NA,5,2022,"Men","Singles",4,2,2,170,162,8
"181","PRANNOY H. S.",NA,"LIEW Daren",NA,5,2022,"Men","Singles",3,2,1,170,163,7
"182","PRANNOY H. S.",NA,"CHOU Tien Chen",NA,7,2022,"Men","Singles",3,2,1,157,139,18
"183","Anthony Sinisuka GINTING",NA,"LOH Kean Yew",NA,8,2022,"Men","Singles",4,3,1,155,133,22
"184","CHEAM June Wei",NA,"LEONG Jun Hao",NA,9,2022,"Men","Singles",3,1,2,154,139,15
"185","CHOU Tien Chen",NA,"Jonatan CHRISTIE",NA,10,2022,"Men","Singles",3,2,1,150,131,19
"186","Viktor AXELSEN",NA,"Kodai NARAOKA",NA,11,2022,"Men","Singles",4,3,1,147,100,47
"187","KIDAMBI Srikanth",NA,"Brice LEVERDEZ",NA,12,2022,"Men","Singles",3,2,1,146,129,17
"188","LEE Zii Jia",NA,"Mark CALJOUW",NA,13,2022,"Men","Singles",3,3,0,145,98,47
"189","Jonatan CHRISTIE",NA,"Kodai NARAOKA",NA,14,2022,"Men","Singles",3,1,2,144,128,16
"190","Anthony Sinisuka GINTING",NA,"Sitthikom THAMMASIN",NA,15,2022,"Men","Singles",3,3,0,143,110,33
"191","Viktor AXELSEN",NA,"LU Guangzu",NA,15,2022,"Men","Singles",3,3,0,143,90,53
"192","PRANNOY H. S.",NA,"NG Ka Long Angus",NA,17,2022,"Men","Singles",4,3,1,142,131,11
"193","Viktor AXELSEN",NA,"Lakshya SEN",NA,18,2022,"Men","Singles",3,2,1,138,106,32
"194","ZHAO Junpeng",NA,"PRANNOY H. S.",NA,19,2022,"Men","Singles",3,2,1,136,119,17
"195","Kunlavut VITIDSARN",NA,"Jonatan CHRISTIE",NA,20,2022,"Men","Singles",3,1,2,135,121,14
"196","Kenta NISHIMOTO",NA,"Jonatan CHRISTIE",NA,20,2022,"Men","Singles",3,2,1,135,127,8
"197","Lakshya SEN",NA,"Anthony Sinisuka GINTING",NA,22,2022,"Men","Singles",3,3,0,134,98,36
"198","Kodai NARAOKA",NA,"Shesar Hiren RHUSTAVITO",NA,22,2022,"Men","Singles",3,2,1,134,113,21
"199","LU Guangzu",NA,"LI Shifeng",NA,24,2022,"Men","Singles",3,3,0,132,99,33
"200","Viktor AXELSEN",NA,"CHOU Tien Chen",NA,25,2022,"Men","Singles",3,3,0,126,82,44
"201","Fajar ALFIAN","Muhammad Rian ARDIANTO","ONG Yew Sin","TEO Ee Yi",1,2022,"Men","Doubles",5,4,1,237,202,35
"202","Fajar ALFIAN","Muhammad Rian ARDIANTO","LIU Yuchen","OU Xuanyi",2,2022,"Men","Doubles",4,2,2,198,188,10
"203","Kim ASTRUP","Anders Skaarup RASMUSSEN","Takuro HOKI","Yugo KOBAYASHI",3,2022,"Men","Doubles",3,2,1,185,181,4
"204","CHOI SolGyu","KIM Won Ho","Kim ASTRUP","Anders Skaarup RASMUSSEN",4,2022,"Men","Doubles",3,3,0,170,167,3
"205","Fajar ALFIAN","Muhammad Rian ARDIANTO","GOH Sze Fei","Nur IZZUDDIN",5,2022,"Men","Doubles",4,4,0,169,130,39
"206","Mohammad AHSAN","Hendra SETIAWAN","M.R. ARJUN","DHRUV KAPILA",6,2022,"Men","Doubles",4,4,0,159,134,25
"207","Fajar ALFIAN","Muhammad Rian ARDIANTO","Aaron CHIA","SOH Wooi Yik",6,2022,"Men","Doubles",3,3,0,159,127,32
"208","Aaron CHIA","SOH Wooi Yik","Satwiksairaj RANKIREDDY","Chirag SHETTY",8,2022,"Men","Doubles",3,3,0,158,142,16
"209","Min Hyuk KANG","SEO Seung Jae","Mohammad AHSAN","Hendra SETIAWAN",9,2022,"Men","Doubles",3,2,1,154,148,6
"210","LIU Yuchen","OU Xuanyi","Mohammad AHSAN","Hendra SETIAWAN",10,2022,"Men","Doubles",3,3,0,148,120,28
"211","LIU Yuchen","OU Xuanyi","CHOI SolGyu","KIM Won Ho",11,2022,"Men","Doubles",3,3,0,146,130,16
"212","LU Ching Yao","YANG Po Han","Ben LANE","Sean VENDY",12,2022,"Men","Doubles",3,3,0,143,105,38
"213","Mohammad AHSAN","Hendra SETIAWAN","REN Xiangyu","TAN Qiang",12,2022,"Men","Doubles",3,2,1,143,142,1
"214","CHOI SolGyu","KIM Won Ho","ONG Yew Sin","TEO Ee Yi",14,2022,"Men","Doubles",3,2,1,139,131,8
"215","Mohammad AHSAN","Hendra SETIAWAN","Muhammad Shohibul FIKRI","Bagas MAULANA",15,2022,"Men","Doubles",3,2,1,134,129,5
"216","Kim ASTRUP","Anders Skaarup RASMUSSEN","LU Ching Yao","YANG Po Han",16,2022,"Men","Doubles",3,2,1,133,105,28
"217","Aaron CHIA","SOH Wooi Yik","Mohammad AHSAN","Hendra SETIAWAN",17,2022,"Men","Doubles",3,2,1,131,129,2
"218","Fajar ALFIAN","Muhammad Rian ARDIANTO","M.R. ARJUN","DHRUV KAPILA",18,2022,"Men","Doubles",3,3,0,129,101,28
"219","Fajar ALFIAN","Muhammad Rian ARDIANTO","Akira KOGA","Taichi SAITO",19,2022,"Men","Doubles",3,3,0,128,105,23
"220","LIU Yuchen","OU Xuanyi","Christo POPOV","Toma Junior POPOV",20,2022,"Men","Doubles",2,2,0,122,108,14
"221","Muhammad Shohibul FIKRI","Bagas MAULANA","GOH Sze Fei","Nur IZZUDDIN",21,2022,"Men","Doubles",2,2,0,121,113,8
"222","Fajar ALFIAN","Muhammad Rian ARDIANTO","HEE Yong Kai Terry","LOH Kean Hean",22,2022,"Men","Doubles",2,2,0,119,98,21
"223","LIU Yuchen","OU Xuanyi","ONG Yew Sin","TEO Ee Yi",23,2022,"Men","Doubles",3,2,1,118,112,6
"224","Ruben JILLE","Ties VAN DER LECQ","Christo POPOV","Toma Junior POPOV",24,2022,"Men","Doubles",2,2,0,117,110,7
"225","Takuro HOKI","Yugo KOBAYASHI","Muhammad Shohibul FIKRI","Bagas MAULANA",24,2022,"Men","Doubles",2,1,1,117,112,5
"226","Dechapol PUAVARANUKROH","Sapsiree TAERATTANACHAI","WANG Yilyu","HUANG Dongping",1,2022,"Mixed","Doubles",5,5,0,249,204,45
"227","ZHENG Siwei","HUANG Yaqiong","Yuta WATANABE","Arisa HIGASHINO",2,2022,"Mixed","Doubles",4,3,1,205,165,40
"228","ZHENG Siwei","HUANG Yaqiong","WANG Yilyu","HUANG Dongping",3,2022,"Mixed","Doubles",4,3,1,179,147,32
"229","ZHENG Siwei","HUANG Yaqiong","Thom GICQUEL","Delphine DELRUE",4,2022,"Mixed","Doubles",4,4,0,174,120,54
"230","GOH Soon Huat","LAI Shevon Jemie","TAN Kian Meng","LAI Pei Jing",5,2022,"Mixed","Doubles",3,3,0,170,159,11
"231","Thom GICQUEL","Delphine DELRUE","Jones Ralfy JANSEN","Linda EFLER",6,2022,"Mixed","Doubles",3,3,0,164,137,27
"232","ZHENG Siwei","HUANG Yaqiong","Mathias CHRISTIANSEN","Alexandra BØJE",7,2022,"Mixed","Doubles",3,3,0,163,131,32
"233","ZHENG Siwei","HUANG Yaqiong","Dechapol PUAVARANUKROH","Sapsiree TAERATTANACHAI",8,2022,"Mixed","Doubles",3,3,0,162,131,31
"234","Rehan Naufal KUSHARJANTO","Lisa Ayu KUSUMAWATI","Thom GICQUEL","Delphine DELRUE",9,2022,"Mixed","Doubles",3,3,0,161,132,29
"235","Yuta WATANABE","Arisa HIGASHINO","GOH Soon Huat","LAI Shevon Jemie",10,2022,"Mixed","Doubles",4,3,1,158,128,30
"236","ZHENG Siwei","HUANG Yaqiong","Supak JOMKOH","Supissara PAEWSAMPRAN",11,2022,"Mixed","Doubles",3,3,0,145,98,47
"237","Supak JOMKOH","Supissara PAEWSAMPRAN","Zachariah Josiahno SUMANTI","Hediana JULIMARBELA",12,2022,"Mixed","Doubles",3,2,1,144,133,11
"238","Marcus ELLIS","Lauren SMITH","Rinov RIVALDY","Pitha Haningtyas MENTARI",13,2022,"Mixed","Doubles",3,3,0,142,125,17
"239","Mathias CHRISTIANSEN","Alexandra BØJE","TAN Kian Meng","LAI Pei Jing",14,2022,"Mixed","Doubles",3,1,2,132,129,3
"240","Mark LAMSFUSS","Isabel HERTTRICH","Rehan Naufal KUSHARJANTO","Lisa Ayu KUSUMAWATI",15,2022,"Mixed","Doubles",3,2,1,131,125,6
"241","Dechapol PUAVARANUKROH","Sapsiree TAERATTANACHAI","Supak JOMKOH","Supissara PAEWSAMPRAN",15,2022,"Mixed","Doubles",3,3,0,131,97,34
"242","Mathias CHRISTIANSEN","Alexandra BØJE","HEE Yong Kai Terry","TAN Wei Han",17,2022,"Mixed","Doubles",3,3,0,127,99,28
"243","WANG Yilyu","HUANG Dongping","Rinov RIVALDY","Pitha Haningtyas MENTARI",18,2022,"Mixed","Doubles",3,3,0,126,85,41
"244","ZHENG Siwei","HUANG Yaqiong","TAN Kian Meng","LAI Pei Jing",18,2022,"Mixed","Doubles",3,3,0,126,73,53
"245","Rinov RIVALDY","Pitha Haningtyas MENTARI","Jones Ralfy JANSEN","Linda EFLER",20,2022,"Mixed","Doubles",2,2,0,121,100,21
"246","Thom GICQUEL","Delphine DELRUE","Mark LAMSFUSS","Isabel HERTTRICH",20,2022,"Mixed","Doubles",2,1,1,121,113,8
"247","Dechapol PUAVARANUKROH","Sapsiree TAERATTANACHAI","GOH Soon Huat","LAI Shevon Jemie",23,2022,"Mixed","Doubles",2,1,1,118,108,10
"248","ZHENG Siwei","HUANG Yaqiong","YANG Po-Hsuan","HU Ling Fang",23,2022,"Mixed","Doubles",2,2,0,118,102,16
"249","Yuta WATANABE","Arisa HIGASHINO","Mathias CHRISTIANSEN","Alexandra BØJE",23,2022,"Mixed","Doubles",2,1,1,118,113,5
"250","Yuki KANEKO","Misaki MATSUTOMO","Robin TABELING","Selena PIEK",25,2022,"Mixed","Doubles",2,2,0,114,105,9
"251","Akane YAMAGUCHI",NA,"Se Young AN",NA,1,2021,"Women","Singles",6,4,2,281,274,7
"252","Akane YAMAGUCHI",NA,"Pornpawee CHOCHUWONG",NA,2,2021,"Women","Singles",4,3,1,210,207,3
"253","Mia BLICHFELDT",NA,"Yvonne LI",NA,3,2021,"Women","Singles",4,3,1,187,181,6
"254","Akane YAMAGUCHI",NA,"PUSARLA V. Sindhu",NA,4,2021,"Women","Singles",4,1,3,186,180,6
"255","PUSARLA V. Sindhu",NA,"Busanan ONGBAMRUNGPHAN",NA,5,2021,"Women","Singles",4,4,0,182,147,35
"256","TAI Tzu Ying",NA,"Ratchanok INTANON",NA,6,2021,"Women","Singles",3,3,0,177,157,20
"257","Se Young AN",NA,"Pornpawee CHOCHUWONG",NA,7,2021,"Women","Singles",4,4,0,172,132,40
"258","Pornpawee CHOCHUWONG",NA,"PUSARLA V. Sindhu",NA,8,2021,"Women","Singles",4,2,2,168,157,11
"259","Neslihan YIGIT",NA,"Yvonne LI",NA,9,2021,"Women","Singles",3,2,1,159,150,9
"260","Carolina MARIN",NA,"Pornpawee CHOCHUWONG",NA,10,2021,"Women","Singles",3,3,0,146,102,44
"261","TAI Tzu Ying",NA,"PUSARLA V. Sindhu",NA,11,2021,"Women","Singles",3,3,0,145,110,35
"262","PUSARLA V. Sindhu",NA,"Mia BLICHFELDT",NA,12,2021,"Women","Singles",3,2,1,143,121,22
"263","Ratchanok INTANON",NA,"PUSARLA V. Sindhu",NA,13,2021,"Women","Singles",3,3,0,141,97,44
"264","Akane YAMAGUCHI",NA,"KIM Ga Eun",NA,14,2021,"Women","Singles",3,3,0,140,127,13
"265","Carolina MARIN",NA,"Se Young AN",NA,14,2021,"Women","Singles",3,2,1,140,124,16
"266","Carolina MARIN",NA,"TAI Tzu Ying",NA,16,2021,"Women","Singles",3,2,1,132,117,15
"267","Pornpawee CHOCHUWONG",NA,"Line CHRISTOPHERSEN",NA,17,2021,"Women","Singles",3,3,0,129,90,39
"268","PUSARLA V. Sindhu",NA,"Neslihan YIGIT",NA,19,2021,"Women","Singles",3,3,0,126,80,46
"269","PUSARLA V. Sindhu",NA,"Line CHRISTOPHERSEN",NA,19,2021,"Women","Singles",3,3,0,126,74,52
"270","Se Young AN",NA,"Evgeniya KOSETSKAYA",NA,19,2021,"Women","Singles",3,3,0,126,73,53
"271","Se Young AN",NA,"Phittayaporn CHAIWAN",NA,19,2021,"Women","Singles",3,3,0,126,73,53
"272","Pornpawee CHOCHUWONG",NA,"Gregoria Mariska TUNJUNG",NA,22,2021,"Women","Singles",2,2,0,110,91,19
"273","Akane YAMAGUCHI",NA,"Line Højmark KJAERSFELDT",NA,23,2021,"Women","Singles",2,2,0,105,76,29
"274","Akane YAMAGUCHI",NA,"YEO Jia Min",NA,24,2021,"Women","Singles",2,2,0,103,75,28
"275","Evgeniya KOSETSKAYA",NA,"PAI Yu Po",NA,24,2021,"Women","Singles",2,2,0,103,80,23
"276","KIM So Yeong","KONG Hee Yong","Jongkolphan KITITHARAKUL","Rawinda PRAJONGJAI",1,2021,"Women","Doubles",6,5,1,302,254,48
"277","LEE So Hee","SHIN Seung Chan","KIM So Yeong","KONG Hee Yong",2,2021,"Women","Doubles",6,4,2,268,267,1
"278","Jongkolphan KITITHARAKUL","Rawinda PRAJONGJAI","Ashwini PONNAPPA","REDDY N. Sikki",3,2021,"Women","Doubles",5,5,0,212,142,70
"279","Greysia POLII","Apriyani RAHAYU","TAN Pearly Koong Le","Muralitharan THINAAH",4,2021,"Women","Doubles",4,4,0,203,163,40
"280","Greysia POLII","Apriyani RAHAYU","LEE So Hee","SHIN Seung Chan",5,2021,"Women","Doubles",4,3,1,197,186,11
"281","KIM So Yeong","KONG Hee Yong","Linda EFLER","Isabel HERTTRICH",6,2021,"Women","Doubles",4,4,0,187,107,80
"282","Greysia POLII","Apriyani RAHAYU","Jongkolphan KITITHARAKUL","Rawinda PRAJONGJAI",7,2021,"Women","Doubles",4,4,0,185,143,42
"283","Puttita SUPAJIRAKUL","Sapsiree TAERATTANACHAI","Siti Fadia Silva RAMADHANTI","Ribka SUGIARTO",8,2021,"Women","Doubles",4,2,2,171,167,4
"284","Jongkolphan KITITHARAKUL","Rawinda PRAJONGJAI","Gabriela STOEVA","Stefani STOEVA",9,2021,"Women","Doubles",4,2,2,163,156,7
"285","Greysia POLII","Apriyani RAHAYU","Puttita SUPAJIRAKUL","Sapsiree TAERATTANACHAI",10,2021,"Women","Doubles",3,2,1,151,132,19
"286","Nami MATSUYAMA","Chiharu SHIDA","Puttita SUPAJIRAKUL","Sapsiree TAERATTANACHAI",11,2021,"Women","Doubles",3,3,0,148,122,26
"287","Nami MATSUYAMA","Chiharu SHIDA","TAN Pearly Koong Le","Muralitharan THINAAH",12,2021,"Women","Doubles",3,3,0,146,112,34
"288","Nami MATSUYAMA","Chiharu SHIDA","Chloe BIRCH","Lauren SMITH",13,2021,"Women","Doubles",4,3,1,145,107,38
"289","Jongkolphan KITITHARAKUL","Rawinda PRAJONGJAI","Benyapa AIMSAARD","Nuntakarn AIMSAARD",14,2021,"Women","Doubles",3,3,0,140,110,30
"290","Gabriela STOEVA","Stefani STOEVA","Chloe BIRCH","Lauren SMITH",16,2021,"Women","Doubles",3,3,0,126,75,51
"291","LEE So Hee","SHIN Seung Chan","Vivian HOO","YAP Cheng Wen",16,2021,"Women","Doubles",3,3,0,126,85,41
"292","Ashwini PONNAPPA","REDDY N. Sikki","Gabriela STOEVA","Stefani STOEVA",16,2021,"Women","Doubles",3,1,2,126,120,6
"293","LEE So Hee","SHIN Seung Chan","Nita Violina MARWAH","Putri SYAIKAH",18,2021,"Women","Doubles",2,2,0,112,107,5
"294","Anastasiia AKCHURINA","Olga MOROZOVA","Emilie LEFEL","Anne TRAN",19,2021,"Women","Doubles",2,2,0,109,95,14
"295","Chloe BIRCH","Lauren SMITH","Linda EFLER","Isabel HERTTRICH",20,2021,"Women","Doubles",2,2,0,104,74,30
"296","CHEN Qingchen","JIA Yifan","KIM So Yeong","KONG Hee Yong",21,2021,"Women","Doubles",2,2,0,103,77,26
"297","Chisato HOSHI","Aoi MATSUDA","Chloe BIRCH","Lauren SMITH",21,2021,"Women","Doubles",2,2,0,103,91,12
"298","LEE So Hee","SHIN Seung Chan","Maiken FRUERGAARD","Sara THYGESEN",23,2021,"Women","Doubles",2,1,1,102,93,9
"299","Jongkolphan KITITHARAKUL","Rawinda PRAJONGJAI","Julie FINNE-IPSEN","Mai SURROW",24,2021,"Women","Doubles",2,2,0,101,84,17
"300","Alexandra BØJE","Mette POULSEN","Vivian HOO","LIM Chiew Sien",25,2021,"Women","Doubles",2,1,1,100,89,11
"301","Kento MOMOTA",NA,"LEE Zii Jia",NA,1,2021,"Men","Singles",4,2,2,175,167,8
"302","PRANNOY H. S.",NA,"LIEW Daren",NA,2,2021,"Men","Singles",4,3,1,162,125,37
"303","Anders ANTONSEN",NA,"WANG Tzu Wei",NA,3,2021,"Men","Singles",3,2,1,146,145,1
"304","Viktor AXELSEN",NA,"LEE Zii Jia",NA,4,2021,"Men","Singles",3,2,1,144,128,16
"305","WANG Tzu Wei",NA,"NG Ka Long Angus",NA,5,2021,"Men","Singles",3,2,1,140,106,34
"306","Viktor AXELSEN",NA,"Anthony Sinisuka GINTING",NA,6,2021,"Men","Singles",3,3,0,139,102,37
"307","Anders ANTONSEN",NA,"Sameer VERMA",NA,7,2021,"Men","Singles",3,2,1,137,126,11
"308","LOH Kean Yew",NA,"Viktor AXELSEN",NA,8,2021,"Men","Singles",3,1,2,136,129,7
"309","Viktor AXELSEN",NA,"KIDAMBI Srikanth",NA,11,2021,"Men","Singles",3,3,0,126,89,37
"310","Viktor AXELSEN",NA,"Kunlavut VITIDSARN",NA,11,2021,"Men","Singles",3,3,0,126,66,60
"311","Anthony Sinisuka GINTING",NA,"LEE Zii Jia",NA,11,2021,"Men","Singles",3,2,1,126,120,6
"312","Viktor AXELSEN",NA,"Lakshya SEN",NA,11,2021,"Men","Singles",3,3,0,126,75,51
"313","Viktor AXELSEN",NA,"CHOU Tien Chen",NA,11,2021,"Men","Singles",3,3,0,126,83,43
"314","NG Ka Long Angus",NA,"CHOU Tien Chen",NA,14,2021,"Men","Singles",2,1,1,117,108,9
"315","Kunlavut VITIDSARN",NA,"LEE Zii Jia",NA,15,2021,"Men","Singles",3,2,1,115,106,9
"316","Kenta NISHIMOTO",NA,"CHOU Tien Chen",NA,16,2021,"Men","Singles",2,1,1,114,108,6
"317","Rasmus GEMKE",NA,"Ajay JAYARAM",NA,17,2021,"Men","Singles",2,1,1,113,110,3
"318","Viktor AXELSEN",NA,"Anders ANTONSEN",NA,18,2021,"Men","Singles",3,1,2,112,92,20
"319","KIDAMBI Srikanth",NA,"NG Ka Long Angus",NA,18,2021,"Men","Singles",2,1,1,112,105,7
"320","Anders ANTONSEN",NA,"Hans-Kristian Solberg VITTINGHUS",NA,21,2021,"Men","Singles",3,2,1,111,106,5
"321","Vladimir MALKOV",NA,"Toma Junior POPOV",NA,21,2021,"Men","Singles",2,1,1,111,104,7
"322","Kunlavut VITIDSARN",NA,"Toma Junior POPOV",NA,21,2021,"Men","Singles",2,1,1,111,90,21
"323","Jonatan CHRISTIE",NA,"LOH Kean Yew",NA,21,2021,"Men","Singles",2,2,0,111,106,5
"324","Kento MOMOTA",NA,"KIDAMBI Srikanth",NA,24,2021,"Men","Singles",2,2,0,106,89,17
"325","Hans-Kristian Solberg VITTINGHUS",NA,"Kanta TSUNEYAMA",NA,25,2021,"Men","Singles",2,2,0,105,103,2
"326","Kim ASTRUP","Anders Skaarup RASMUSSEN","Mark LAMSFUSS","Marvin SEIDEL",1,2021,"Men","Doubles",5,2,3,216,211,5
"327","Takuro HOKI","Yugo KOBAYASHI","Aaron CHIA","SOH Wooi Yik",2,2021,"Men","Doubles",4,3,1,202,168,34
"328","ONG Yew Sin","TEO Ee Yi","Satwiksairaj RANKIREDDY","Chirag SHETTY",3,2021,"Men","Doubles",4,2,2,195,187,8
"329","Kim ASTRUP","Anders Skaarup RASMUSSEN","Satwiksairaj RANKIREDDY","Chirag SHETTY",4,2021,"Men","Doubles",4,3,1,191,161,30
"330","Kim ASTRUP","Anders Skaarup RASMUSSEN","Christo POPOV","Toma Junior POPOV",5,2021,"Men","Doubles",4,4,0,188,130,58
"331","Mohammad AHSAN","Hendra SETIAWAN","CHOI SolGyu","SEO Seung Jae",6,2021,"Men","Doubles",4,2,2,175,169,6
"332","Marcus Fernaldi GIDEON","Kevin Sanjaya SUKAMULJO","LEE Yang","WANG Chi-Lin",7,2021,"Men","Doubles",3,2,1,162,156,6
"333","Takuro HOKI","Yugo KOBAYASHI","Kim ASTRUP","Anders Skaarup RASMUSSEN",8,2021,"Men","Doubles",3,3,0,159,134,25
"334","Marcus Fernaldi GIDEON","Kevin Sanjaya SUKAMULJO","ONG Yew Sin","TEO Ee Yi",8,2021,"Men","Doubles",3,3,0,159,133,26
"335","Mohammad AHSAN","Hendra SETIAWAN","Aaron CHIA","SOH Wooi Yik",10,2021,"Men","Doubles",3,2,1,154,143,11
"336","Marcus Fernaldi GIDEON","Kevin Sanjaya SUKAMULJO","Takuro HOKI","Yugo KOBAYASHI",11,2021,"Men","Doubles",3,1,2,147,146,1
"337","LEE Yang","WANG Chi-Lin","Mohammad AHSAN","Hendra SETIAWAN",12,2021,"Men","Doubles",3,3,0,143,112,31
"338","LEE Yang","WANG Chi-Lin","ONG Yew Sin","TEO Ee Yi",13,2021,"Men","Doubles",3,2,1,142,130,12
"339","Takuro HOKI","Yugo KOBAYASHI","ONG Yew Sin","TEO Ee Yi",14,2021,"Men","Doubles",3,3,0,138,105,33
"340","Aaron CHIA","SOH Wooi Yik","Marcus Fernaldi GIDEON","Kevin Sanjaya SUKAMULJO",15,2021,"Men","Doubles",3,2,1,137,116,21
"341","LEE Yang","WANG Chi-Lin","Ben LANE","Sean VENDY",16,2021,"Men","Doubles",3,3,0,127,100,27
"342","ONG Yew Sin","TEO Ee Yi","GOH Sze Fei","Nur IZZUDDIN",17,2021,"Men","Doubles",2,2,0,125,113,12
"343","ONG Yew Sin","TEO Ee Yi","Joel EIPE","Rasmus KJÆR",18,2021,"Men","Doubles",3,3,0,123,92,31
"344","Kim ASTRUP","Anders Skaarup RASMUSSEN","GOH Sze Fei","Nur IZZUDDIN",18,2021,"Men","Doubles",2,2,0,123,98,25
"345","Takuro HOKI","Yugo KOBAYASHI","Akira KOGA","Taichi SAITO",21,2021,"Men","Doubles",3,2,1,112,111,1
"346","Marcus Fernaldi GIDEON","Kevin Sanjaya SUKAMULJO","Kim ASTRUP","Anders Skaarup RASMUSSEN",21,2021,"Men","Doubles",2,2,0,112,94,18
"347","Takuro HOKI","Yugo KOBAYASHI","Mohammad AHSAN","Hendra SETIAWAN",21,2021,"Men","Doubles",2,2,0,112,105,7
"348","Satwiksairaj RANKIREDDY","Chirag SHETTY","LEE Jhe-Huei","YANG Po-Hsuan",23,2021,"Men","Doubles",2,2,0,108,93,15
"349","ONG Yew Sin","TEO Ee Yi","Phillip CHEW","Ryan CHEW",24,2021,"Men","Doubles",2,2,0,105,66,39
"350","Kim ASTRUP","Anders Skaarup RASMUSSEN","Vladimir IVANOV","Ivan SOZONOV",25,2021,"Men","Doubles",2,2,0,104,78,26
"351","Dechapol PUAVARANUKROH","Sapsiree TAERATTANACHAI","Praveen JORDAN","Melati Daeva OKTAVIANTI",1,2021,"Mixed","Doubles",5,5,0,274,226,48
"352","Dechapol PUAVARANUKROH","Sapsiree TAERATTANACHAI","Yuta WATANABE","Arisa HIGASHINO",2,2021,"Mixed","Doubles",6,3,3,242,224,18
"353","Yuta WATANABE","Arisa HIGASHINO","TAN Kian Meng","LAI Pei Jing",3,2021,"Mixed","Doubles",5,5,0,241,184,57
"354","Yuta WATANABE","Arisa HIGASHINO","Mathias CHRISTIANSEN","Alexandra BØJE",4,2021,"Mixed","Doubles",5,5,0,230,163,67
"355","Yuta WATANABE","Arisa HIGASHINO","TANG Chun Man","TSE Ying Suet",5,2021,"Mixed","Doubles",4,3,1,204,172,32
"356","Dechapol PUAVARANUKROH","Sapsiree TAERATTANACHAI","GOH Soon Huat","LAI Shevon Jemie",6,2021,"Mixed","Doubles",4,4,0,188,135,53
"357","Dechapol PUAVARANUKROH","Sapsiree TAERATTANACHAI","SEO Seung Jae","CHAE YuJung",7,2021,"Mixed","Doubles",4,3,1,187,183,4
"358","Dechapol PUAVARANUKROH","Sapsiree TAERATTANACHAI","KO Sung Hyun","EOM Hye Won",8,2021,"Mixed","Doubles",3,3,0,176,146,30
"359","Mathias CHRISTIANSEN","Alexandra BØJE","Marcus ELLIS","Lauren SMITH",9,2021,"Mixed","Doubles",4,3,1,175,167,8
"360","Dechapol PUAVARANUKROH","Sapsiree TAERATTANACHAI","TANG Chun Man","TSE Ying Suet",10,2021,"Mixed","Doubles",3,3,0,161,116,45
"361","Dechapol PUAVARANUKROH","Sapsiree TAERATTANACHAI","CHEN Tang Jie","PECK Yen Wei",11,2021,"Mixed","Doubles",3,3,0,144,121,23
"362","Dechapol PUAVARANUKROH","Sapsiree TAERATTANACHAI","HOO Pang Ron","CHEAH Yee See",11,2021,"Mixed","Doubles",3,3,0,144,107,37
"363","TANG Chun Man","TSE Ying Suet","Mark LAMSFUSS","Isabel HERTTRICH",13,2021,"Mixed","Doubles",4,2,2,143,123,20
"364","Thom GICQUEL","Delphine DELRUE","Mikkel MIKKELSEN","Rikke SØBY",14,2021,"Mixed","Doubles",3,3,0,140,111,29
"365","Thom GICQUEL","Delphine DELRUE","Rodion ALIMOV","Alina DAVLETOVA",15,2021,"Mixed","Doubles",3,1,2,132,130,2
"366","Niclas NOHR","Amalie MAGELUND","LEE Jhe-Huei","HSU Ya Ching",16,2021,"Mixed","Doubles",2,1,1,131,122,9
"367","Yuta WATANABE","Arisa HIGASHINO","HOO Pang Ron","CHEAH Yee See",17,2021,"Mixed","Doubles",3,3,0,126,89,37
"368","Dechapol PUAVARANUKROH","Sapsiree TAERATTANACHAI","Robin TABELING","Selena PIEK",17,2021,"Mixed","Doubles",3,3,0,126,96,30
"369","Mathias CHRISTIANSEN","Alexandra BØJE","Praveen JORDAN","Melati Daeva OKTAVIANTI",19,2021,"Mixed","Doubles",3,1,2,124,123,1
"370","WANG Yilyu","HUANG Dongping","Yuta WATANABE","Arisa HIGASHINO",20,2021,"Mixed","Doubles",2,1,1,118,110,8
"371","CHAN Peng Soon","GOH Liu Ying","Mathias CHRISTIANSEN","Alexandra BØJE",21,2021,"Mixed","Doubles",2,1,1,116,110,6
"372","Dechapol PUAVARANUKROH","Sapsiree TAERATTANACHAI","Marcus ELLIS","Lauren SMITH",22,2021,"Mixed","Doubles",3,2,1,115,96,19
"373","Satwiksairaj RANKIREDDY","Ashwini PONNAPPA","Hafiz FAIZAL","Gloria Emanuelle WIDJAJA",23,2021,"Mixed","Doubles",2,2,0,111,84,27
"374","Rodion ALIMOV","Alina DAVLETOVA","Robin TABELING","Selena PIEK",24,2021,"Mixed","Doubles",2,2,0,106,91,15
"375","Supak JOMKOH","Supissara PAEWSAMPRAN","TAN Kian Meng","LAI Pei Jing",24,2021,"Mixed","Doubles",2,2,0,106,90,16
"376","Lianne TAN",NA,"Sabrina JAQUET",NA,1,2020,"Women","Singles",3,3,0,150,150,0
"377","Sabrina JAQUET",NA,"Lianne TAN",NA,1,2020,"Women","Singles",3,0,3,150,150,0
"378","Carolina MARIN",NA,"Akane YAMAGUCHI",NA,3,2020,"Women","Singles",3,2,1,147,111,36
"379","Akane YAMAGUCHI",NA,"Gregoria Mariska TUNJUNG",NA,4,2020,"Women","Singles",3,3,0,145,119,26
"380","Akane YAMAGUCHI",NA,"Se Young AN",NA,5,2020,"Women","Singles",2,2,0,106,96,10
"381","Busanan ONGBAMRUNGPHAN",NA,"Pornpawee CHOCHUWONG",NA,5,2020,"Women","Singles",2,1,1,106,105,1
"382","Kirsty GILMOUR",NA,"Yvonne LI",NA,7,2020,"Women","Singles",2,2,0,103,82,21
"383","SUNG Ji Hyun",NA,"Pornpawee CHOCHUWONG",NA,8,2020,"Women","Singles",2,1,1,102,93,9
"384","Ruselli HARTAWAN",NA,"PAI Yu Po",NA,9,2020,"Women","Singles",2,2,0,99,91,8
"385","Gregoria Mariska TUNJUNG",NA,"Busanan ONGBAMRUNGPHAN",NA,10,2020,"Women","Singles",2,2,0,98,70,28
"386","PUSARLA V. Sindhu",NA,"Aya OHORI",NA,10,2020,"Women","Singles",2,2,0,98,72,26
"387","Yvonne LI",NA,"Kristin KUUBA",NA,13,2020,"Women","Singles",2,2,0,97,74,23
"388","Akane YAMAGUCHI",NA,"Soniia CHEAH",NA,13,2020,"Women","Singles",2,1,1,97,90,7
"389","Carolina MARIN",NA,"Pornpawee CHOCHUWONG",NA,13,2020,"Women","Singles",2,1,1,97,73,24
"390","HE Bingjiao",NA,"KIM Ga Eun",NA,13,2020,"Women","Singles",2,2,0,97,80,17
"391","Ratchanok INTANON",NA,"WANG Zhiyi",NA,16,2020,"Women","Singles",2,1,1,96,95,1
"392","CHEN Yufei",NA,"Line Højmark KJAERSFELDT",NA,17,2020,"Women","Singles",2,1,1,94,88,6
"393","Ratchanok INTANON",NA,"Aya OHORI",NA,18,2020,"Women","Singles",2,1,1,91,80,11
"394","Se Young AN",NA,"Kirsty GILMOUR",NA,20,2020,"Women","Singles",2,2,0,84,57,27
"395","Neslihan YIGIT",NA,"Airi MIKKELA",NA,20,2020,"Women","Singles",2,2,0,84,42,42
"396","Carolina MARIN",NA,"Natalia PERMINOVA",NA,20,2020,"Women","Singles",2,2,0,84,41,43
"397","Nozomi OKUHARA",NA,"Michelle LI",NA,20,2020,"Women","Singles",2,2,0,84,41,43
"398","Carolina MARIN",NA,"Nozomi OKUHARA",NA,23,2020,"Women","Singles",2,1,1,78,70,8
"399","Carolina MARIN",NA,"Kirsty GILMOUR",NA,24,2020,"Women","Singles",2,1,1,76,70,6
"400","CHEN Yufei",NA,"TAI Tzu Ying",NA,24,2020,"Women","Singles",2,1,1,76,69,7
"401","CHEN Qingchen","JIA Yifan","Nami MATSUYAMA","Chiharu SHIDA",1,2020,"Women","Doubles",3,1,2,123,121,2
"402","Vivian HOO","YAP Cheng Wen","CHOW Mei Kuan","LEE Meng Yean",2,2020,"Women","Doubles",2,1,1,115,110,5
"403","HSU Ya Ching","HU Ling Fang","Alexandra BØJE","Mette POULSEN",3,2020,"Women","Doubles",2,2,0,105,94,11
"404","Yuki FUKUSHIMA","Sayaka HIROTA","LI Wenmei","ZHENG Yu",4,2020,"Women","Doubles",2,1,1,102,95,7
"405","LI Wenmei","ZHENG Yu","KIM So Yeong","KONG Hee Yong",5,2020,"Women","Doubles",2,1,1,97,86,11
"406","LEE So Hee","SHIN Seung Chan","CHANG Ye Na","KIM Hye Rin",6,2020,"Women","Doubles",2,1,1,96,93,3
"407","KIM So Yeong","KONG Hee Yong","HSU Ya Ching","HU Ling Fang",7,2020,"Women","Doubles",2,2,0,86,64,22
"408","Gabriela STOEVA","Stefani STOEVA","Alexandra BØJE","Mette POULSEN",9,2020,"Women","Doubles",2,2,0,84,44,40
"409","CHEN Qingchen","JIA Yifan","Gabriela STOEVA","Stefani STOEVA",9,2020,"Women","Doubles",2,2,0,84,49,35
"410","Siti Fadia Silva RAMADHANTI","Ribka SUGIARTO","Pooja DANDU","SANJANA SANTOSH",9,2020,"Women","Doubles",2,2,0,84,47,37
"411","DU Yue","LI Yinhui","CHOW Mei Kuan","LEE Meng Yean",9,2020,"Women","Doubles",2,2,0,84,57,27
"412","CHANG Ye Na","KIM Hye Rin","Greysia POLII","Apriyani RAHAYU",12,2020,"Women","Doubles",2,1,1,80,74,6
"413","Puttita SUPAJIRAKUL","Sapsiree TAERATTANACHAI","DU Yue","LI Yinhui",13,2020,"Women","Doubles",2,1,1,74,71,3
"414","LEE So Hee","SHIN Seung Chan","BAEK Ha Na","JUNG Kyung Eun",14,2020,"Women","Doubles",1,1,0,71,64,7
"415","LEE So Hee","SHIN Seung Chan","Ekaterina BOLOTOVA","Alina DAVLETOVA",15,2020,"Women","Doubles",1,1,0,67,61,6
"416","Misaki MATSUTOMO","Ayaka TAKAHASHI","LEE So Hee","SHIN Seung Chan",15,2020,"Women","Doubles",1,1,0,67,52,15
"417","Maiken FRUERGAARD","Sara THYGESEN","Clara NISTAD","Moa SJOO",18,2020,"Women","Doubles",1,1,0,64,56,8
"418","Alexandra BØJE","Mette POULSEN","Linda EFLER","Isabel HERTTRICH",18,2020,"Women","Doubles",1,1,0,64,59,5
"419","Greysia POLII","Apriyani RAHAYU","LIU Xuanxuan","XIA Yuting",18,2020,"Women","Doubles",1,1,0,64,56,8
"420","Greysia POLII","Apriyani RAHAYU","BAEK Ha Na","JUNG Kyung Eun",18,2020,"Women","Doubles",1,1,0,64,60,4
"421","KIM So Yeong","KONG Hee Yong","Chayanit CHALADCHALAM","Phataimas MUENWONG",22,2020,"Women","Doubles",1,1,0,63,55,8
"422","Martina REPISKA","Katarina VARGOVA","Liana LENCEVICA","Jekaterina ROMANOVA",22,2020,"Women","Doubles",1,1,0,63,60,3
"423","CHANG Ye Na","KIM Hye Rin","Vivian HOO","YAP Cheng Wen",22,2020,"Women","Doubles",1,1,0,63,54,9
"424","Greysia POLII","Apriyani RAHAYU","HSU Ya Ching","HU Ling Fang",24,2020,"Women","Doubles",1,1,0,62,52,10
"425","Greysia POLII","Apriyani RAHAYU","Chloe BIRCH","Lauren SMITH",24,2020,"Women","Doubles",1,1,0,62,48,14
"426","Shesar Hiren RHUSTAVITO",NA,"KIDAMBI Srikanth",NA,1,2020,"Men","Singles",2,2,0,114,93,21
"427","Kenta NISHIMOTO",NA,"CHEAM June Wei",NA,2,2020,"Men","Singles",2,1,1,111,97,14
"428","Hans-Kristian Solberg VITTINGHUS",NA,"Lakshya SEN",NA,3,2020,"Men","Singles",2,2,0,110,98,12
"429","SHI Yuqi",NA,"NG Ka Long Angus",NA,4,2020,"Men","Singles",2,1,1,106,99,7
"430","LIEW Daren",NA,"PRANNOY H. S.",NA,5,2020,"Men","Singles",2,2,0,104,91,13
"431","CHOU Tien Chen",NA,"KIDAMBI Srikanth",NA,5,2020,"Men","Singles",2,2,0,104,73,31
"432","Vladimir MALKOV",NA,"Nhat NGUYEN",NA,7,2020,"Men","Singles",2,2,0,102,92,10
"433","Anders ANTONSEN",NA,"Rasmus GEMKE",NA,7,2020,"Men","Singles",2,2,0,102,75,27
"434","Kanta TSUNEYAMA",NA,"CHOU Tien Chen",NA,9,2020,"Men","Singles",2,1,1,100,95,5
"435","LEE Zii Jia",NA,"HEO Kwang Hee",NA,10,2020,"Men","Singles",2,1,1,98,80,18
"436","HUANG Yuxiang",NA,"Jan O JORGENSEN",NA,10,2020,"Men","Singles",2,2,0,98,92,6
"437","WANG Tzu Wei",NA,"Kenta NISHIMOTO",NA,12,2020,"Men","Singles",2,1,1,97,88,9
"438","SUN Feixiang",NA,"Brice LEVERDEZ",NA,12,2020,"Men","Singles",2,1,1,97,84,13
"439","Rasmus GEMKE",NA,"Max WEISSKIRCHEN",NA,14,2020,"Men","Singles",2,1,1,96,88,8
"440","Toma Junior POPOV",NA,"Thomas ROUXEL",NA,15,2020,"Men","Singles",2,1,1,93,84,9
"441","NG Ka Long Angus",NA,"Kenta NISHIMOTO",NA,16,2020,"Men","Singles",2,1,1,91,88,3
"442","LEE Zii Jia",NA,"Sameer VERMA",NA,17,2020,"Men","Singles",2,2,0,85,70,15
"443","Anders ANTONSEN",NA,"SON Wan Ho",NA,17,2020,"Men","Singles",2,2,0,85,61,24
"444","Anthony Sinisuka GINTING",NA,"HUANG Yuxiang",NA,19,2020,"Men","Singles",2,1,1,78,68,10
"445","Rasmus GEMKE",NA,"Kenta NISHIMOTO",NA,20,2020,"Men","Singles",2,1,1,75,73,2
"446","Jonathan DOLAN",NA,"Martin BUNDGAARD",NA,21,2020,"Men","Singles",1,1,0,67,63,4
"447","Anthony Sinisuka GINTING",NA,"HEO Kwang Hee",NA,22,2020,"Men","Singles",1,1,0,64,59,5
"448","Brice LEVERDEZ",NA,"Jonathan DOLAN",NA,24,2020,"Men","Singles",1,1,0,63,54,9
"449","LIN Yu Hsien",NA,"Sergey SIRANT",NA,24,2020,"Men","Singles",1,1,0,63,55,8
"450","Giovanni TOTI",NA,"Luka BAN",NA,24,2020,"Men","Singles",1,1,0,63,55,8
"451","Marcus Fernaldi GIDEON","Kevin Sanjaya SUKAMULJO","Aaron CHIA","SOH Wooi Yik",1,2020,"Men","Doubles",4,4,0,169,136,33
"452","Akira KOGA","Taichi SAITO","HUANG Kaixiang","LIU Cheng",2,2020,"Men","Doubles",2,1,1,119,109,10
"453","LEE Yang","WANG Chi-Lin","Mohammad AHSAN","Hendra SETIAWAN",3,2020,"Men","Doubles",2,0,2,114,113,1
"454","Vladimir IVANOV","Ivan SOZONOV","Marcus ELLIS","Chris LANGRIDGE",4,2020,"Men","Doubles",2,1,1,110,109,1
"455","Jeppe BAY","Lasse MØLHEDE","Ruben JILLE","Ties VAN DER LECQ",5,2020,"Men","Doubles",2,2,0,105,97,8
"456","Kim ASTRUP","Anders Skaarup RASMUSSEN","KIM Gi Jung","LEE Yong Dae",6,2020,"Men","Doubles",2,2,0,99,81,18
"457","GOH V Shem","TAN Wee Kiong","LIAO Min Chun","SU Ching Heng",9,2020,"Men","Doubles",2,2,0,84,66,18
"458","Kim ASTRUP","Anders Skaarup RASMUSSEN","Jelle MAAS","Robin TABELING",9,2020,"Men","Doubles",2,2,0,84,56,28
"459","LEE Yang","WANG Chi-Lin","Vladimir IVANOV","Ivan SOZONOV",9,2020,"Men","Doubles",2,2,0,84,61,23
"460","KIM Gi Jung","LEE Yong Dae","LI Junhui","LIU Yuchen",9,2020,"Men","Doubles",2,2,0,84,61,23
"461","ONG Yew Sin","TEO Ee Yi","HAN Chengkai","ZHOU Haodong",9,2020,"Men","Doubles",2,2,0,84,66,18
"462","Fajar ALFIAN","Muhammad Rian ARDIANTO","Mathias BOE","Mads CONRAD-PETERSEN",9,2020,"Men","Doubles",2,2,0,84,67,17
"463","Mathias BOE","Mads CONRAD-PETERSEN","LEE Jhe-Huei","YANG Po-Hsuan",13,2020,"Men","Doubles",2,1,1,82,77,5
"464","Akira KOGA","Taichi SAITO","LIAO Min Chun","SU Ching Heng",14,2020,"Men","Doubles",1,1,0,68,57,11
"465","Sturla Flaten JORGENSEN","Carl Christian MORK","Oskari LARKIMO","Joakim OLDORFF",15,2020,"Men","Doubles",1,1,0,67,59,8
"466","Ruben JILLE","Ties VAN DER LECQ","Eloi ADAM","Julien MAIO",16,2020,"Men","Doubles",1,1,0,66,59,7
"467","Marcus Fernaldi GIDEON","Kevin Sanjaya SUKAMULJO","Marcus ELLIS","Chris LANGRIDGE",16,2020,"Men","Doubles",1,1,0,66,57,9
"468","Rowan SCHEURKOGEL","Jona VAN NIEUWKERKE","Serdar KOCA","Serhat SALIM",18,2020,"Men","Doubles",1,1,0,65,58,7
"469","LI Junhui","LIU Yuchen","Mohammad AHSAN","Hendra SETIAWAN",18,2020,"Men","Doubles",1,1,0,65,63,2
"470","Leo Rolly CARNANDO","Daniel MARTHIN","Maneepong JONGJIT","Krit TANTIANANKUL",21,2020,"Men","Doubles",1,1,0,64,59,5
"471","Jones Ralfy JANSEN","Peter KAESBAUER","Muhammad Shohibul FIKRI","Bagas MAULANA",21,2020,"Men","Doubles",1,1,0,64,60,4
"472","Takuro HOKI","Yugo KOBAYASHI","CHOI SolGyu","SEO Seung Jae",21,2020,"Men","Doubles",1,1,0,64,62,2
"473","Zach RUSS","Steven STALLWOOD","Rasmus ESPERSEN","Emil HYBEL",24,2020,"Men","Doubles",1,1,0,63,57,6
"474","ONG Yew Sin","TEO Ee Yi","OU Xuanyi","ZHANG Nan",24,2020,"Men","Doubles",1,1,0,63,61,2
"475","Gianmarco BAILETTI","David SALUTT","Ariel SHAINSKI","Misha ZILBERMAN",24,2020,"Men","Doubles",1,1,0,63,52,11
"476","Robin TABELING","Selena PIEK","Mathias CHRISTIANSEN","Alexandra BØJE",1,2020,"Mixed","Doubles",3,2,1,131,121,10
"477","Mathias CHRISTIANSEN","Alexandra BØJE","Mark LAMSFUSS","Isabel HERTTRICH",2,2020,"Mixed","Doubles",2,1,1,112,108,4
"478","Mathias CHRISTIANSEN","Alexandra BØJE","Niclas NOHR","Amalie MAGELUND",3,2020,"Mixed","Doubles",2,2,0,107,85,22
"479","KO Sung Hyun","EOM Hye Won","YANG Po-Hsuan","HU Ling Fang",4,2020,"Mixed","Doubles",2,2,0,104,78,26
"480","ZHENG Siwei","HUANG Yaqiong","Pranaav Jerry CHOPRA","REDDY N. Sikki",5,2020,"Mixed","Doubles",2,2,0,95,71,24
"481","WANG Yilyu","HUANG Dongping","Ricky KARANDASUWARDI","Pia Zebadiah BERNADET",6,2020,"Mixed","Doubles",2,2,0,88,60,28
"482","Dechapol PUAVARANUKROH","Sapsiree TAERATTANACHAI","LEE Jhe-Huei","HSU Ya Ching",7,2020,"Mixed","Doubles",2,2,0,85,55,30
"483","Marcus ELLIS","Lauren SMITH","Rodion ALIMOV","Alina DAVLETOVA",9,2020,"Mixed","Doubles",2,2,0,84,53,31
"484","ZHENG Siwei","HUANG Yaqiong","Hafiz FAIZAL","Gloria Emanuelle WIDJAJA",9,2020,"Mixed","Doubles",2,2,0,84,52,32
"485","ZHENG Siwei","HUANG Yaqiong","WANG Yilyu","HUANG Dongping",9,2020,"Mixed","Doubles",2,2,0,84,49,35
"486","Kyohei YAMASHITA","Naru SHINOYA","Mathias CHRISTIANSEN","Alexandra BØJE",11,2020,"Mixed","Doubles",1,1,0,72,59,13
"487","Marcus ELLIS","Lauren SMITH","Gregory MAIRS","Victoria WILLIAMS",12,2020,"Mixed","Doubles",1,1,0,69,54,15
"488","Mathias BAY-SMIDT","Rikke SØBY","Vladimir IVANOV","Ekaterina BOLOTOVA",13,2020,"Mixed","Doubles",1,1,0,68,59,9
"489","Marcus ELLIS","Lauren SMITH","TANG Chun Man","TSE Ying Suet",14,2020,"Mixed","Doubles",1,1,0,67,57,10
"490","CHOI SolGyu","SHIN Seung Chan","WANG Chi-Lin","CHENG Chi Ya",15,2020,"Mixed","Doubles",1,1,0,65,47,18
"491","Marcus ELLIS","Lauren SMITH","GOH Soon Huat","LAI Shevon Jemie",16,2020,"Mixed","Doubles",1,1,0,64,62,2
"492","Gregory MAIRS","Victoria WILLIAMS","Eloi ADAM","Margot LAMBERT",16,2020,"Mixed","Doubles",1,1,0,64,61,3
"493","Philip BIRKER","Katharina HOCHMEIR","Alexander DUNN","Ciara TORRANCE",20,2020,"Mixed","Doubles",1,1,0,63,63,0
"494","Niclas NOHR","Amalie MAGELUND","Adam HALL","Julie MACPHERSON",20,2020,"Mixed","Doubles",1,1,0,63,53,10
"495","Hafiz FAIZAL","Gloria Emanuelle WIDJAJA","TAN Kian Meng","LAI Pei Jing",20,2020,"Mixed","Doubles",1,1,0,63,59,4
"496","Praveen JORDAN","Melati Daeva OKTAVIANTI","Marcus ELLIS","Lauren SMITH",20,2020,"Mixed","Doubles",1,1,0,63,49,14
"497","Alexander DUNN","Ciara TORRANCE","Philip BIRKER","Katharina HOCHMEIR",20,2020,"Mixed","Doubles",1,0,1,63,63,0
"498","Adnan MAULANA","Mychelle Crhystine BANDASO","FENG Yanzhe","ZHANG Shuxian",24,2020,"Mixed","Doubles",1,1,0,62,54,8
"499","Thom GICQUEL","Delphine DELRUE","Mathias THYRRI","Mai SURROW",24,2020,"Mixed","Doubles",1,1,0,62,51,11
"500","Chris ADCOCK","Gabrielle ADCOCK","Takuro HOKI","Wakana NAGAHARA",24,2020,"Mixed","Doubles",1,1,0,62,57,5
"501","CHEN Yufei",NA,"Sayaka TAKAHASHI",NA,1,2019,"Women","Singles",5,5,0,242,163,79
"502","CHEN Yufei",NA,"Akane YAMAGUCHI",NA,2,2019,"Women","Singles",5,3,2,227,204,23
"503","TAI Tzu Ying",NA,"Nozomi OKUHARA",NA,3,2019,"Women","Singles",5,3,2,223,206,17
"504","Ratchanok INTANON",NA,"TAI Tzu Ying",NA,4,2019,"Women","Singles",5,2,3,222,210,12
"505","TAI Tzu Ying",NA,"Busanan ONGBAMRUNGPHAN",NA,5,2019,"Women","Singles",5,5,0,210,139,71
"506","TAI Tzu Ying",NA,"CHEN Yufei",NA,5,2019,"Women","Singles",5,3,2,210,208,2
"507","Ratchanok INTANON",NA,"CHEN Xiaoxin",NA,7,2019,"Women","Singles",5,4,1,207,172,35
"508","Nozomi OKUHARA",NA,"Ratchanok INTANON",NA,8,2019,"Women","Singles",5,3,2,203,196,7
"509","Ratchanok INTANON",NA,"Gregoria Mariska TUNJUNG",NA,9,2019,"Women","Singles",4,4,0,201,166,35
"510","Busanan ONGBAMRUNGPHAN",NA,"CAI Yanyan",NA,10,2019,"Women","Singles",4,4,0,200,158,42
"511","CHEN Yufei",NA,"Ratchanok INTANON",NA,11,2019,"Women","Singles",4,4,0,196,163,33
"512","Akane YAMAGUCHI",NA,"HE Bingjiao",NA,12,2019,"Women","Singles",4,4,0,191,140,51
"513","Ratchanok INTANON",NA,"Nitchaon JINDAPOL",NA,13,2019,"Women","Singles",4,4,0,186,132,54
"514","Akane YAMAGUCHI",NA,"TAI Tzu Ying",NA,14,2019,"Women","Singles",4,1,3,181,178,3
"515","Akane YAMAGUCHI",NA,"Pornpawee CHOCHUWONG",NA,15,2019,"Women","Singles",4,2,2,176,171,5
"516","HE Bingjiao",NA,"Nitchaon JINDAPOL",NA,16,2019,"Women","Singles",4,3,1,175,154,21
"517","TAI Tzu Ying",NA,"Gregoria Mariska TUNJUNG",NA,17,2019,"Women","Singles",4,4,0,172,141,31
"518","CHEN Yufei",NA,"SUNG Ji Hyun",NA,18,2019,"Women","Singles",4,4,0,168,127,41
"519","Ruselli HARTAWAN",NA,"CHIANG Ying Li",NA,19,2019,"Women","Singles",3,3,0,167,139,28
"520","Nozomi OKUHARA",NA,"HE Bingjiao",NA,20,2019,"Women","Singles",4,3,1,165,132,33
"521","LI Xuerui",NA,"Sayaka TAKAHASHI",NA,21,2019,"Women","Singles",4,3,1,163,148,15
"522","CHEN Yufei",NA,"Michelle LI",NA,21,2019,"Women","Singles",3,3,0,163,133,30
"523","HE Bingjiao",NA,"Fitriani FITRIANI",NA,23,2019,"Women","Singles",3,3,0,162,122,40
"524","Nozomi OKUHARA",NA,"Busanan ONGBAMRUNGPHAN",NA,23,2019,"Women","Singles",3,3,0,162,117,45
"525","Akane YAMAGUCHI",NA,"LI Xuerui",NA,25,2019,"Women","Singles",3,2,1,157,134,23
"526","Yuki FUKUSHIMA","Sayaka HIROTA","CHEN Qingchen","JIA Yifan",1,2019,"Women","Doubles",7,5,2,322,262,60
"527","KIM So Yeong","KONG Hee Yong","Mayu MATSUMOTO","Wakana NAGAHARA",2,2019,"Women","Doubles",6,4,2,280,268,12
"528","CHEN Qingchen","JIA Yifan","Mayu MATSUMOTO","Wakana NAGAHARA",3,2019,"Women","Doubles",5,4,1,249,220,29
"529","Yuki FUKUSHIMA","Sayaka HIROTA","DU Yue","LI Yinhui",4,2019,"Women","Doubles",5,4,1,239,196,43
"530","Mayu MATSUMOTO","Wakana NAGAHARA","Yuki FUKUSHIMA","Sayaka HIROTA",5,2019,"Women","Doubles",5,4,1,235,218,17
"531","LEE So Hee","SHIN Seung Chan","Jongkolphan KITITHARAKUL","Rawinda PRAJONGJAI",6,2019,"Women","Doubles",5,5,0,231,162,69
"532","KIM So Yeong","KONG Hee Yong","CHEN Qingchen","JIA Yifan",7,2019,"Women","Doubles",5,3,2,230,221,9
"533","Misaki MATSUTOMO","Ayaka TAKAHASHI","KIM So Yeong","KONG Hee Yong",8,2019,"Women","Doubles",5,4,1,220,180,40
"534","Jongkolphan KITITHARAKUL","Rawinda PRAJONGJAI","CHOW Mei Kuan","LEE Meng Yean",9,2019,"Women","Doubles",4,3,1,218,193,25
"535","Yuki FUKUSHIMA","Sayaka HIROTA","Ekaterina BOLOTOVA","Alina DAVLETOVA",10,2019,"Women","Doubles",5,5,0,210,101,109
"536","Mayu MATSUMOTO","Wakana NAGAHARA","LI Wenmei","ZHENG Yu",11,2019,"Women","Doubles",4,4,0,209,185,24
"537","CHANG Ye Na","JUNG Kyung Eun","Yuki FUKUSHIMA","Sayaka HIROTA",12,2019,"Women","Doubles",4,2,2,206,196,10
"538","LI Wenmei","ZHENG Yu","LEE So Hee","SHIN Seung Chan",13,2019,"Women","Doubles",4,2,2,205,199,6
"539","LEE So Hee","SHIN Seung Chan","Mayu MATSUMOTO","Wakana NAGAHARA",13,2019,"Women","Doubles",4,3,1,205,181,24
"540","CHEN Qingchen","JIA Yifan","Greysia POLII","Apriyani RAHAYU",15,2019,"Women","Doubles",4,3,1,201,183,18
"541","KIM So Yeong","KONG Hee Yong","LI Wenmei","ZHENG Yu",16,2019,"Women","Doubles",4,3,1,194,182,12
"542","Misaki MATSUTOMO","Ayaka TAKAHASHI","Puttita SUPAJIRAKUL","Sapsiree TAERATTANACHAI",17,2019,"Women","Doubles",4,3,1,187,159,28
"543","Misaki MATSUTOMO","Ayaka TAKAHASHI","DU Yue","LI Yinhui",18,2019,"Women","Doubles",4,2,2,185,174,11
"544","Mayu MATSUMOTO","Wakana NAGAHARA","LIU Xuanxuan","XIA Yuting",19,2019,"Women","Doubles",4,4,0,184,142,42
"545","CHEN Qingchen","JIA Yifan","DU Yue","LI Yinhui",19,2019,"Women","Doubles",4,4,0,184,139,45
"546","Yuki FUKUSHIMA","Sayaka HIROTA","Ayako SAKURAMOTO","Yukiko TAKAHATA",21,2019,"Women","Doubles",4,4,0,180,130,50
"547","Misaki MATSUTOMO","Ayaka TAKAHASHI","Greysia POLII","Apriyani RAHAYU",22,2019,"Women","Doubles",3,2,1,178,172,6
"548","Greysia POLII","Apriyani RAHAYU","Ayako SAKURAMOTO","Yukiko TAKAHATA",23,2019,"Women","Doubles",4,3,1,175,156,19
"549","LEE So Hee","SHIN Seung Chan","KIM So Yeong","KONG Hee Yong",23,2019,"Women","Doubles",3,2,1,175,163,12
"550","Yuki FUKUSHIMA","Sayaka HIROTA","LEE So Hee","SHIN Seung Chan",25,2019,"Women","Doubles",4,3,1,170,152,18
"551","Kento MOMOTA",NA,"Anthony Sinisuka GINTING",NA,1,2019,"Men","Singles",7,6,1,347,309,38
"552","CHOU Tien Chen",NA,"Kenta NISHIMOTO",NA,2,2019,"Men","Singles",5,4,1,261,229,32
"553","Jonatan CHRISTIE",NA,"Anders ANTONSEN",NA,3,2019,"Men","Singles",6,4,2,248,231,17
"554","Jonatan CHRISTIE",NA,"Jan O JORGENSEN",NA,4,2019,"Men","Singles",5,5,0,230,163,67
"555","Viktor AXELSEN",NA,"CHEN Long",NA,5,2019,"Men","Singles",5,2,3,224,209,15
"556","Kento MOMOTA",NA,"Hans-Kristian Solberg VITTINGHUS",NA,6,2019,"Men","Singles",4,4,0,211,176,35
"557","NG Ka Long Angus",NA,"Anthony Sinisuka GINTING",NA,7,2019,"Men","Singles",4,3,1,209,198,11
"558","Kanta TSUNEYAMA",NA,"Sitthikom THAMMASIN",NA,8,2019,"Men","Singles",4,3,1,204,175,29
"559","Kento MOMOTA",NA,"Viktor AXELSEN",NA,9,2019,"Men","Singles",4,4,0,195,154,41
"560","Anthony Sinisuka GINTING",NA,"CHEN Long",NA,10,2019,"Men","Singles",5,3,2,194,165,29
"561","Viktor AXELSEN",NA,"Kanta TSUNEYAMA",NA,11,2019,"Men","Singles",4,3,1,188,151,37
"562","Kento MOMOTA",NA,"SAI PRANEETH B.",NA,11,2019,"Men","Singles",4,4,0,188,126,62
"563","Kento MOMOTA",NA,"WANG Tzu Wei",NA,13,2019,"Men","Singles",4,4,0,183,133,50
"564","Kantaphon WANGCHAROEN",NA,"HUANG Yuxiang",NA,14,2019,"Men","Singles",4,3,1,181,158,23
"565","LEE Zii Jia",NA,"CHEN Long",NA,15,2019,"Men","Singles",3,1,2,175,170,5
"566","CHOU Tien Chen",NA,"Kantaphon WANGCHAROEN",NA,16,2019,"Men","Singles",3,2,1,172,167,5
"567","Tommy SUGIARTO",NA,"LU Guangzu",NA,17,2019,"Men","Singles",4,1,3,169,165,4
"568","Anthony Sinisuka GINTING",NA,"CHOU Tien Chen",NA,17,2019,"Men","Singles",3,2,1,169,162,7
"569","Viktor AXELSEN",NA,"Jonatan CHRISTIE",NA,19,2019,"Men","Singles",3,1,2,164,156,8
"570","CHOU Tien Chen",NA,"LIN Dan",NA,20,2019,"Men","Singles",3,2,1,163,131,32
"571","Kento MOMOTA",NA,"LEE Zii Jia",NA,22,2019,"Men","Singles",4,4,0,158,100,58
"572","Sourabh VERMA",NA,"SUN Feixiang",NA,22,2019,"Men","Singles",3,3,0,158,123,35
"573","Anthony Sinisuka GINTING",NA,"Kenta NISHIMOTO",NA,22,2019,"Men","Singles",3,2,1,158,136,22
"574","CHOU Tien Chen",NA,"Jonatan CHRISTIE",NA,24,2019,"Men","Singles",3,2,1,157,133,24
"575","Kento MOMOTA",NA,"Anders ANTONSEN",NA,25,2019,"Men","Singles",3,2,1,156,119,37
"576","Mohammad AHSAN","Hendra SETIAWAN","LEE Yang","WANG Chi-Lin",1,2019,"Men","Doubles",6,4,2,295,271,24
"577","Takeshi KAMURA","Keigo SONODA","Takuro HOKI","Yugo KOBAYASHI",2,2019,"Men","Doubles",6,4,2,287,272,15
"578","Takeshi KAMURA","Keigo SONODA","CHOI SolGyu","SEO Seung Jae",3,2019,"Men","Doubles",6,4,2,286,247,39
"579","Hiroyuki ENDO","Yuta WATANABE","Marcus Fernaldi GIDEON","Kevin Sanjaya SUKAMULJO",4,2019,"Men","Doubles",5,5,0,275,213,62
"580","Hiroyuki ENDO","Yuta WATANABE","LI Junhui","LIU Yuchen",5,2019,"Men","Doubles",6,3,3,253,251,2
"581","LI Junhui","LIU Yuchen","LU Ching Yao","YANG Po Han",6,2019,"Men","Doubles",5,4,1,247,232,15
"582","Mohammad AHSAN","Hendra SETIAWAN","Hiroyuki ENDO","Yuta WATANABE",7,2019,"Men","Doubles",5,5,0,243,207,36
"583","Marcus Fernaldi GIDEON","Kevin Sanjaya SUKAMULJO","Fajar ALFIAN","Muhammad Rian ARDIANTO",8,2019,"Men","Doubles",5,3,2,241,215,26
"584","Mohammad AHSAN","Hendra SETIAWAN","LI Junhui","LIU Yuchen",9,2019,"Men","Doubles",5,4,1,236,192,44
"585","Marcus Fernaldi GIDEON","Kevin Sanjaya SUKAMULJO","Takeshi KAMURA","Keigo SONODA",10,2019,"Men","Doubles",5,4,1,233,199,34
"586","Marcus Fernaldi GIDEON","Kevin Sanjaya SUKAMULJO","Mohammad AHSAN","Hendra SETIAWAN",11,2019,"Men","Doubles",5,5,0,229,183,46
"587","LI Junhui","LIU Yuchen","Aaron CHIA","SOH Wooi Yik",11,2019,"Men","Doubles",4,4,0,229,191,38
"588","Mohammad AHSAN","Hendra SETIAWAN","Aaron CHIA","SOH Wooi Yik",13,2019,"Men","Doubles",6,4,2,213,187,26
"589","Takeshi KAMURA","Keigo SONODA","HE Jiting","TAN Qiang",14,2019,"Men","Doubles",4,4,0,207,159,48
"590","Takeshi KAMURA","Keigo SONODA","GOH V Shem","TAN Wee Kiong",15,2019,"Men","Doubles",4,4,0,206,176,30
"591","LEE Yang","WANG Chi-Lin","CHOI SolGyu","SEO Seung Jae",16,2019,"Men","Doubles",4,1,3,204,201,3
"592","Mohammad AHSAN","Hendra SETIAWAN","GOH V Shem","TAN Wee Kiong",17,2019,"Men","Doubles",4,3,1,203,183,20
"593","Hiroyuki ENDO","Yuta WATANABE","ONG Yew Sin","TEO Ee Yi",18,2019,"Men","Doubles",4,4,0,202,159,43
"594","Mohammad AHSAN","Hendra SETIAWAN","Takeshi KAMURA","Keigo SONODA",19,2019,"Men","Doubles",4,3,1,197,181,16
"595","Aaron CHIA","SOH Wooi Yik","Kim ASTRUP","Anders Skaarup RASMUSSEN",20,2019,"Men","Doubles",4,3,1,187,156,31
"596","GOH V Shem","TAN Wee Kiong","ONG Yew Sin","TEO Ee Yi",21,2019,"Men","Doubles",4,4,0,184,142,42
"597","Mohammad AHSAN","Hendra SETIAWAN","Mark LAMSFUSS","Marvin SEIDEL",21,2019,"Men","Doubles",4,4,0,184,148,36
"598","Mathias BOE","Mads CONRAD-PETERSEN","HAN Chengkai","ZHOU Haodong",23,2019,"Men","Doubles",4,3,1,176,154,22
"599","Marcus Fernaldi GIDEON","Kevin Sanjaya SUKAMULJO","GOH V Shem","TAN Wee Kiong",24,2019,"Men","Doubles",4,4,0,172,132,40
"600","LEE Yang","WANG Chi-Lin","Vladimir IVANOV","Ivan SOZONOV",25,2019,"Men","Doubles",3,3,0,169,150,19
"601","ZHENG Siwei","HUANG Yaqiong","Praveen JORDAN","Melati Daeva OKTAVIANTI",1,2019,"Mixed","Doubles",7,5,2,349,313,36
"602","ZHENG Siwei","HUANG Yaqiong","Yuta WATANABE","Arisa HIGASHINO",2,2019,"Mixed","Doubles",6,5,1,276,244,32
"603","WANG Yilyu","HUANG Dongping","Dechapol PUAVARANUKROH","Sapsiree TAERATTANACHAI",3,2019,"Mixed","Doubles",6,5,1,265,213,52
"604","WANG Yilyu","HUANG Dongping","CHAN Peng Soon","GOH Liu Ying",4,2019,"Mixed","Doubles",5,5,0,254,195,59
"605","Praveen JORDAN","Melati Daeva OKTAVIANTI","Hafiz FAIZAL","Gloria Emanuelle WIDJAJA",5,2019,"Mixed","Doubles",5,4,1,218,196,22
"606","Rinov RIVALDY","Pitha Haningtyas MENTARI","TAN Kian Meng","LAI Pei Jing",6,2019,"Mixed","Doubles",4,2,2,211,200,11
"607","ZHENG Siwei","HUANG Yaqiong","WANG Yilyu","HUANG Dongping",7,2019,"Mixed","Doubles",5,4,1,208,185,23
"608","ZHENG Siwei","HUANG Yaqiong","TAN Kian Meng","LAI Pei Jing",8,2019,"Mixed","Doubles",4,4,0,202,152,50
"609","Praveen JORDAN","Melati Daeva OKTAVIANTI","Dechapol PUAVARANUKROH","Sapsiree TAERATTANACHAI",9,2019,"Mixed","Doubles",4,3,1,195,161,34
"610","ZHENG Siwei","HUANG Yaqiong","Dechapol PUAVARANUKROH","Sapsiree TAERATTANACHAI",10,2019,"Mixed","Doubles",5,3,2,194,155,39
"611","Yuta WATANABE","Arisa HIGASHINO","SEO Seung Jae","CHAE YuJung",11,2019,"Mixed","Doubles",5,3,2,186,169,17
"612","WANG Yilyu","HUANG Dongping","Praveen JORDAN","Melati Daeva OKTAVIANTI",12,2019,"Mixed","Doubles",4,3,1,184,140,44
"613","CHAN Peng Soon","GOH Liu Ying","Tontowi AHMAD","Winny Oktavina KANDOW",13,2019,"Mixed","Doubles",3,1,2,173,167,6
"614","WANG Yilyu","HUANG Dongping","HE Jiting","DU Yue",14,2019,"Mixed","Doubles",4,3,1,171,144,27
"615","ZHENG Siwei","HUANG Yaqiong","SEO Seung Jae","CHAE YuJung",15,2019,"Mixed","Doubles",4,4,0,170,111,59
"616","Dechapol PUAVARANUKROH","Sapsiree TAERATTANACHAI","Mark LAMSFUSS","Isabel HERTTRICH",16,2019,"Mixed","Doubles",3,3,0,165,121,44
"617","Marcus ELLIS","Lauren SMITH","Mark LAMSFUSS","Isabel HERTTRICH",17,2019,"Mixed","Doubles",4,3,1,163,145,18
"618","ZHENG Siwei","HUANG Yaqiong","Hafiz FAIZAL","Gloria Emanuelle WIDJAJA",18,2019,"Mixed","Doubles",3,2,1,161,140,21
"619","Rodion ALIMOV","Alina DAVLETOVA","Thom GICQUEL","Delphine DELRUE",19,2019,"Mixed","Doubles",3,3,0,160,122,38
"620","Dechapol PUAVARANUKROH","Sapsiree TAERATTANACHAI","LU Kai","CHEN Lu",20,2019,"Mixed","Doubles",3,2,1,157,141,16
"621","WANG Yilyu","HUANG Dongping","SEO Seung Jae","CHAE YuJung",20,2019,"Mixed","Doubles",3,3,0,157,131,26
"622","Yuta WATANABE","Arisa HIGASHINO","Praveen JORDAN","Melati Daeva OKTAVIANTI",22,2019,"Mixed","Doubles",3,2,1,153,138,15
"623","GOH Soon Huat","LAI Shevon Jemie","Marcus ELLIS","Lauren SMITH",23,2019,"Mixed","Doubles",3,3,0,150,134,16
"624","Hafiz FAIZAL","Gloria Emanuelle WIDJAJA","Tontowi AHMAD","Winny Oktavina KANDOW",24,2019,"Mixed","Doubles",3,2,1,149,131,18
"625","Praveen JORDAN","Melati Daeva OKTAVIANTI","Yuki KANEKO","Misaki MATSUTOMO",24,2019,"Mixed","Doubles",3,1,2,149,143,6
"626","CHEN Yufei",NA,"Akane YAMAGUCHI",NA,1,2018,"Women","Singles",8,4,4,383,357,26
"627","TAI Tzu Ying",NA,"CHEN Yufei",NA,2,2018,"Women","Singles",6,6,0,324,259,65
"628","PUSARLA V. Sindhu",NA,"Akane YAMAGUCHI",NA,3,2018,"Women","Singles",6,5,1,289,255,34
"629","TAI Tzu Ying",NA,"HE Bingjiao",NA,4,2018,"Women","Singles",6,5,1,282,211,71
"630","CHEN Yufei",NA,"Ratchanok INTANON",NA,5,2018,"Women","Singles",5,3,2,275,262,13
"631","TAI Tzu Ying",NA,"Saina NEHWAL",NA,6,2018,"Women","Singles",6,6,0,272,200,72
"632","CHEN Yufei",NA,"SUNG Ji Hyun",NA,7,2018,"Women","Singles",5,5,0,251,191,60
"633","Nozomi OKUHARA",NA,"Saina NEHWAL",NA,8,2018,"Women","Singles",4,2,2,224,219,5
"634","CHEN Yufei",NA,"Nitchaon JINDAPOL",NA,9,2018,"Women","Singles",4,4,0,220,180,40
"635","Nozomi OKUHARA",NA,"HE Bingjiao",NA,10,2018,"Women","Singles",4,4,0,206,147,59
"636","PUSARLA V. Sindhu",NA,"Beiwen ZHANG",NA,11,2018,"Women","Singles",4,2,2,199,161,38
"637","Nozomi OKUHARA",NA,"Pornpawee CHOCHUWONG",NA,12,2018,"Women","Singles",4,3,1,191,156,35
"638","CAI Yanyan",NA,"GAO Fangjie",NA,13,2018,"Women","Singles",4,2,2,190,182,8
"639","Akane YAMAGUCHI",NA,"Nozomi OKUHARA",NA,14,2018,"Women","Singles",4,2,2,186,185,1
"640","TAI Tzu Ying",NA,"Soniia CHEAH",NA,14,2018,"Women","Singles",4,4,0,186,135,51
"641","Nozomi OKUHARA",NA,"CHEUNG Ngan Yi",NA,16,2018,"Women","Singles",4,4,0,182,133,49
"642","Akane YAMAGUCHI",NA,"HE Bingjiao",NA,16,2018,"Women","Singles",4,3,1,182,166,16
"643","Saina NEHWAL",NA,"Akane YAMAGUCHI",NA,18,2018,"Women","Singles",4,1,3,180,178,2
"644","Akane YAMAGUCHI",NA,"Beiwen ZHANG",NA,19,2018,"Women","Singles",4,2,2,179,148,31
"645","PUSARLA V. Sindhu",NA,"Nozomi OKUHARA",NA,19,2018,"Women","Singles",4,3,1,179,172,7
"646","Mia BLICHFELDT",NA,"Evgeniya KOSETSKAYA",NA,21,2018,"Women","Singles",3,2,1,171,160,11
"647","KISONA Selvaduray",NA,"Ruselli HARTAWAN",NA,21,2018,"Women","Singles",3,2,1,171,163,8
"648","Ratchanok INTANON",NA,"Fitriani FITRIANI",NA,24,2018,"Women","Singles",4,4,0,168,98,70
"649","TAI Tzu Ying",NA,"Akane YAMAGUCHI",NA,24,2018,"Women","Singles",4,2,2,168,160,8
"650","PUSARLA V. Sindhu",NA,"Nitchaon JINDAPOL",NA,24,2018,"Women","Singles",3,3,0,168,151,17
"651","Misaki MATSUTOMO","Ayaka TAKAHASHI","Greysia POLII","Apriyani RAHAYU",1,2018,"Women","Doubles",7,6,1,307,276,31
"652","Nami MATSUYAMA","Chiharu SHIDA","Ayako SAKURAMOTO","Yukiko TAKAHATA",2,2018,"Women","Doubles",5,1,4,247,246,1
"653","Yuki FUKUSHIMA","Sayaka HIROTA","Greysia POLII","Apriyani RAHAYU",3,2018,"Women","Doubles",5,5,0,231,161,70
"654","Misaki MATSUTOMO","Ayaka TAKAHASHI","Mayu MATSUMOTO","Wakana NAGAHARA",4,2018,"Women","Doubles",5,3,2,213,202,11
"655","Yuki FUKUSHIMA","Sayaka HIROTA","Mayu MATSUMOTO","Wakana NAGAHARA",4,2018,"Women","Doubles",4,2,2,213,200,13
"656","LEE So Hee","SHIN Seung Chan","Gabriela STOEVA","Stefani STOEVA",6,2018,"Women","Doubles",5,3,2,207,191,16
"657","Yuki FUKUSHIMA","Sayaka HIROTA","Della Destiara HARIS","Rizki Amelia PRADIPTA",7,2018,"Women","Doubles",4,4,0,195,155,40
"658","Misaki MATSUTOMO","Ayaka TAKAHASHI","Della Destiara HARIS","Rizki Amelia PRADIPTA",8,2018,"Women","Doubles",4,4,0,187,114,73
"659","CHEN Qingchen","JIA Yifan","Jongkolphan KITITHARAKUL","Rawinda PRAJONGJAI",9,2018,"Women","Doubles",4,4,0,186,149,37
"660","Jongkolphan KITITHARAKUL","Rawinda PRAJONGJAI","Maiken FRUERGAARD","Sara THYGESEN",10,2018,"Women","Doubles",4,3,1,182,150,32
"661","Misaki MATSUTOMO","Ayaka TAKAHASHI","DU Yue","LI Yinhui",11,2018,"Women","Doubles",4,3,1,174,140,34
"662","Yuki FUKUSHIMA","Sayaka HIROTA","Jongkolphan KITITHARAKUL","Rawinda PRAJONGJAI",12,2018,"Women","Doubles",4,3,1,172,141,31
"663","Gabriela STOEVA","Stefani STOEVA","Emilie LEFEL","Anne TRAN",14,2018,"Women","Doubles",4,4,0,168,96,72
"664","Mayu MATSUMOTO","Wakana NAGAHARA","Gabriela STOEVA","Stefani STOEVA",14,2018,"Women","Doubles",4,4,0,168,109,59
"665","CHEN Qingchen","JIA Yifan","CHANG Ye Na","JUNG Kyung Eun",14,2018,"Women","Doubles",3,3,0,168,167,1
"666","Yuki FUKUSHIMA","Sayaka HIROTA","CHEN Qingchen","JIA Yifan",16,2018,"Women","Doubles",4,2,2,159,155,4
"667","Greysia POLII","Apriyani RAHAYU","LEE So Hee","SHIN Seung Chan",17,2018,"Women","Doubles",3,2,1,157,143,14
"668","Misaki MATSUTOMO","Ayaka TAKAHASHI","Yuki FUKUSHIMA","Sayaka HIROTA",18,2018,"Women","Doubles",3,1,2,153,147,6
"669","CHEN Qingchen","JIA Yifan","DU Yue","LI Yinhui",19,2018,"Women","Doubles",4,2,2,148,143,5
"670","CHANG Ye Na","JUNG Kyung Eun","Yuki FUKUSHIMA","Sayaka HIROTA",19,2018,"Women","Doubles",3,2,1,148,131,17
"671","Yuki FUKUSHIMA","Sayaka HIROTA","Anggia Shitta AWANDA","Ni Ketut Mahadewi ISTARANI",21,2018,"Women","Doubles",3,3,0,146,128,18
"672","DU Yue","LI Yinhui","Mayu MATSUMOTO","Wakana NAGAHARA",22,2018,"Women","Doubles",3,2,1,145,131,14
"673","Misaki MATSUTOMO","Ayaka TAKAHASHI","Ashwini PONNAPPA","REDDY N. Sikki",23,2018,"Women","Doubles",3,3,0,144,102,42
"674","LEE So Hee","SHIN Seung Chan","Mayu MATSUMOTO","Wakana NAGAHARA",24,2018,"Women","Doubles",3,2,1,143,127,16
"675","Misaki MATSUTOMO","Ayaka TAKAHASHI","CHEN Qingchen","JIA Yifan",24,2018,"Women","Doubles",3,2,1,143,122,21
"676","SON Wan Ho",NA,"Kenta NISHIMOTO",NA,1,2018,"Men","Singles",7,5,2,335,320,15
"677","Kento MOMOTA",NA,"CHOU Tien Chen",NA,2,2018,"Men","Singles",6,5,1,302,259,43
"678","Kento MOMOTA",NA,"Anthony Sinisuka GINTING",NA,3,2018,"Men","Singles",6,4,2,291,274,17
"679","CHOU Tien Chen",NA,"Anthony Sinisuka GINTING",NA,4,2018,"Men","Singles",5,3,2,263,249,14
"680","Anthony Sinisuka GINTING",NA,"CHEN Long",NA,5,2018,"Men","Singles",5,4,1,239,212,27
"681","SHI Yuqi",NA,"NG Ka Long Angus",NA,6,2018,"Men","Singles",5,4,1,224,162,62
"682","Kento MOMOTA",NA,"KIDAMBI Srikanth",NA,7,2018,"Men","Singles",5,5,0,222,159,63
"683","SHI Yuqi",NA,"Anthony Sinisuka GINTING",NA,8,2018,"Men","Singles",4,4,0,218,194,24
"684","CHOU Tien Chen",NA,"SHI Yuqi",NA,9,2018,"Men","Singles",5,2,3,206,195,11
"685","Kento MOMOTA",NA,"SON Wan Ho",NA,10,2018,"Men","Singles",5,4,1,203,159,44
"686","CHOU Tien Chen",NA,"NG Ka Long Angus",NA,11,2018,"Men","Singles",4,3,1,201,186,15
"687","Jonatan CHRISTIE",NA,"Kenta NISHIMOTO",NA,12,2018,"Men","Singles",4,3,1,191,178,13
"688","Khosit PHETPRADAB",NA,"LEE Dong Keun",NA,13,2018,"Men","Singles",4,2,2,188,164,24
"689","Jan O JORGENSEN",NA,"Riichi TAKESHITA",NA,14,2018,"Men","Singles",3,2,1,182,170,12
"690","CHOU Tien Chen",NA,"LEE Dong Keun",NA,14,2018,"Men","Singles",3,2,1,182,150,32
"691","KIDAMBI Srikanth",NA,"WONG Wing Ki Vincent",NA,16,2018,"Men","Singles",5,4,1,173,133,40
"692","SHI Yuqi",NA,"Jonatan CHRISTIE",NA,16,2018,"Men","Singles",3,1,2,173,167,6
"693","Kento MOMOTA",NA,"CHEN Long",NA,18,2018,"Men","Singles",4,3,1,171,154,17
"694","CHOU Tien Chen",NA,"Rasmus GEMKE",NA,19,2018,"Men","Singles",4,3,1,170,152,18
"695","Kento MOMOTA",NA,"SHI Yuqi",NA,20,2018,"Men","Singles",4,3,1,161,141,20
"696","Sameer VERMA",NA,"Lucas CORVEE",NA,21,2018,"Men","Singles",3,2,1,159,140,19
"697","Kento MOMOTA",NA,"Anders ANTONSEN",NA,21,2018,"Men","Singles",3,3,0,159,121,38
"698","Sitthikom THAMMASIN",NA,"Firman Abdul KHOLIK",NA,23,2018,"Men","Singles",3,3,0,156,134,22
"699","LEE Hyun Il",NA,"Anders ANTONSEN",NA,23,2018,"Men","Singles",3,2,1,156,144,12
"700","Tommy SUGIARTO",NA,"Kantaphon WANGCHAROEN",NA,25,2018,"Men","Singles",3,3,0,155,127,28
"701","LIU Cheng","ZHANG Nan","GOH V Shem","TAN Wee Kiong",1,2018,"Men","Doubles",5,2,3,289,278,11
"702","Takeshi KAMURA","Keigo SONODA","Fajar ALFIAN","Muhammad Rian ARDIANTO",2,2018,"Men","Doubles",5,2,3,230,230,0
"703","Fajar ALFIAN","Muhammad Rian ARDIANTO","Takeshi KAMURA","Keigo SONODA",2,2018,"Men","Doubles",5,3,2,230,230,0
"704","Marcus Fernaldi GIDEON","Kevin Sanjaya SUKAMULJO","Mohammad AHSAN","Hendra SETIAWAN",4,2018,"Men","Doubles",4,4,0,207,158,49
"705","LIU Cheng","ZHANG Nan","LEE Jhe-Huei","LEE Yang",5,2018,"Men","Doubles",4,3,1,199,178,21
"706","Marcus Fernaldi GIDEON","Kevin Sanjaya SUKAMULJO","HE Jiting","TAN Qiang",6,2018,"Men","Doubles",4,3,1,194,190,4
"707","Hiroyuki ENDO","Yuta WATANABE","LIAO Min Chun","SU Ching Heng",7,2018,"Men","Doubles",4,1,3,193,183,10
"708","LI Junhui","LIU Yuchen","Kim ASTRUP","Anders Skaarup RASMUSSEN",8,2018,"Men","Doubles",4,3,1,189,182,7
"709","Kim ASTRUP","Anders Skaarup RASMUSSEN","HAN Chengkai","ZHOU Haodong",9,2018,"Men","Doubles",4,4,0,185,153,32
"710","Marcus Fernaldi GIDEON","Kevin Sanjaya SUKAMULJO","LI Junhui","LIU Yuchen",10,2018,"Men","Doubles",4,3,1,177,151,26
"711","Marcus Fernaldi GIDEON","Kevin Sanjaya SUKAMULJO","HAN Chengkai","ZHOU Haodong",11,2018,"Men","Doubles",4,1,3,176,158,18
"712","CHEN Hung Ling","WANG Chi-Lin","HE Jiting","TAN Qiang",12,2018,"Men","Doubles",4,2,2,171,165,6
"713","Marcus Fernaldi GIDEON","Kevin Sanjaya SUKAMULJO","Takeshi KAMURA","Keigo SONODA",14,2018,"Men","Doubles",4,3,1,163,128,35
"714","LI Junhui","LIU Yuchen","CHEN Hung Ling","WANG Chi-Lin",14,2018,"Men","Doubles",3,3,0,163,120,43
"715","OU Xuanyi","REN Xiangyu","Min Hyuk KANG","KIM Won Ho",14,2018,"Men","Doubles",3,2,1,163,149,14
"716","HE Jiting","TAN Qiang","Takuro HOKI","Yugo KOBAYASHI",14,2018,"Men","Doubles",3,3,0,163,145,18
"717","Mohammad AHSAN","Hendra SETIAWAN","LEE Jhe-Huei","LEE Yang",17,2018,"Men","Doubles",3,2,1,159,145,14
"718","LI Junhui","LIU Yuchen","LU Ching Yao","YANG Po Han",17,2018,"Men","Doubles",3,3,0,159,136,23
"719","LI Junhui","LIU Yuchen","Fajar ALFIAN","Muhammad Rian ARDIANTO",19,2018,"Men","Doubles",3,2,1,151,143,8
"720","Marcus Fernaldi GIDEON","Kevin Sanjaya SUKAMULJO","Satwiksairaj RANKIREDDY","Chirag SHETTY",20,2018,"Men","Doubles",3,3,0,150,117,33
"721","Marcus Fernaldi GIDEON","Kevin Sanjaya SUKAMULJO","Kim ASTRUP","Anders Skaarup RASMUSSEN",21,2018,"Men","Doubles",3,3,0,147,119,28
"722","Mathias BOE","Carsten MOGENSEN","Satwiksairaj RANKIREDDY","Chirag SHETTY",21,2018,"Men","Doubles",3,2,1,147,145,2
"723","Marcus Fernaldi GIDEON","Kevin Sanjaya SUKAMULJO","CHEN Hung Ling","WANG Chi-Lin",23,2018,"Men","Doubles",3,3,0,146,106,40
"724","Fajar ALFIAN","Muhammad Rian ARDIANTO","ONG Yew Sin","TEO Ee Yi",24,2018,"Men","Doubles",3,2,1,142,125,17
"725","Takeshi KAMURA","Keigo SONODA","CHEN Hung Ling","WANG Chi-Lin",24,2018,"Men","Doubles",3,3,0,142,114,28
"726","WANG Yilyu","HUANG Dongping","Yuta WATANABE","Arisa HIGASHINO",1,2018,"Mixed","Doubles",8,7,1,376,297,79
"727","ZHENG Siwei","HUANG Yaqiong","WANG Yilyu","HUANG Dongping",2,2018,"Mixed","Doubles",7,6,1,339,294,45
"728","ZHENG Siwei","HUANG Yaqiong","Dechapol PUAVARANUKROH","Sapsiree TAERATTANACHAI",3,2018,"Mixed","Doubles",5,5,0,265,199,66
"729","Dechapol PUAVARANUKROH","Sapsiree TAERATTANACHAI","GOH Soon Huat","LAI Shevon Jemie",4,2018,"Mixed","Doubles",5,3,2,232,208,24
"730","ZHENG Siwei","HUANG Yaqiong","TANG Chun Man","TSE Ying Suet",5,2018,"Mixed","Doubles",5,4,1,227,163,64
"731","Marcus ELLIS","Lauren SMITH","Marvin SEIDEL","Linda EFLER",6,2018,"Mixed","Doubles",5,5,0,213,145,68
"732","Praveen JORDAN","Melati Daeva OKTAVIANTI","Chris ADCOCK","Gabrielle ADCOCK",7,2018,"Mixed","Doubles",4,2,2,199,177,22
"733","ZHENG Siwei","HUANG Yaqiong","Yuta WATANABE","Arisa HIGASHINO",7,2018,"Mixed","Doubles",4,3,1,199,152,47
"734","Praveen JORDAN","Melati Daeva OKTAVIANTI","CHAN Peng Soon","GOH Liu Ying",9,2018,"Mixed","Doubles",4,3,1,196,182,14
"735","WANG Yilyu","HUANG Dongping","Dechapol PUAVARANUKROH","Sapsiree TAERATTANACHAI",10,2018,"Mixed","Doubles",4,2,2,181,178,3
"736","Yuta WATANABE","Arisa HIGASHINO","TANG Chun Man","TSE Ying Suet",11,2018,"Mixed","Doubles",3,3,0,177,163,14
"737","Dechapol PUAVARANUKROH","Sapsiree TAERATTANACHAI","Chris ADCOCK","Gabrielle ADCOCK",12,2018,"Mixed","Doubles",3,3,0,174,157,17
"738","ZHENG Siwei","HUANG Yaqiong","Tontowi AHMAD","Liliyana NATSIR",13,2018,"Mixed","Doubles",4,3,1,169,147,22
"739","SEO Seung Jae","CHAE YuJung","CHAN Peng Soon","GOH Liu Ying",14,2018,"Mixed","Doubles",3,2,1,164,141,23
"740","ZHENG Siwei","HUANG Yaqiong","Niclas NOHR","Sara THYGESEN",14,2018,"Mixed","Doubles",3,3,0,164,140,24
"741","Dechapol PUAVARANUKROH","Sapsiree TAERATTANACHAI","CHANG Tak Ching","NG Wing Yung",16,2018,"Mixed","Doubles",3,3,0,162,119,43
"742","WANG Yilyu","HUANG Dongping","Praveen JORDAN","Melati Daeva OKTAVIANTI",17,2018,"Mixed","Doubles",3,3,0,158,126,32
"743","Yuta WATANABE","Arisa HIGASHINO","Hafiz FAIZAL","Gloria Emanuelle WIDJAJA",17,2018,"Mixed","Doubles",3,2,1,158,149,9
"744","Mark LAMSFUSS","Isabel HERTTRICH","LU Kai","CHEN Lu",19,2018,"Mixed","Doubles",4,2,2,156,149,7
"745","SEO Seung Jae","CHAE YuJung","Dechapol PUAVARANUKROH","Sapsiree TAERATTANACHAI",20,2018,"Mixed","Doubles",3,2,1,153,133,20
"746","Mark LAMSFUSS","Isabel HERTTRICH","Jacco ARENDS","Selena PIEK",21,2018,"Mixed","Doubles",4,3,1,145,112,33
"747","ZHENG Siwei","HUANG Yaqiong","ZHANG Nan","LI Yinhui",21,2018,"Mixed","Doubles",3,3,0,145,91,54
"748","ZHENG Siwei","HUANG Yaqiong","Chris ADCOCK","Gabrielle ADCOCK",23,2018,"Mixed","Doubles",3,3,0,143,100,43
"749","ZHANG Nan","LI Yinhui","Yuta WATANABE","Arisa HIGASHINO",24,2018,"Mixed","Doubles",3,2,1,136,122,14
"750","ZHENG Siwei","HUANG Yaqiong","CHAN Peng Soon","GOH Liu Ying",25,2018,"Mixed","Doubles",3,2,1,135,128,7
