Player,Team,Date,Position,Games Missed,Reported Injury Type,Downs Played After Concussion,Average Playtime Before Injury,Offense,Skilled
Aldrick Robinson,Washington Redskins,30/09/2012,Wide Receiver,1,Head,14,37,Offense,Skilled
D.J. Fluker,San Diego Chargers,22/09/2013,Offensive Tackle,1,Concussion,78,73.5,Offense,Non-Skilled
Marquise Goodwin,Buffalo Bills,28/09/2014,Wide Receiver,1,Concussion,25,17.5,Offense,Skilled
Bryan Stork,New England Patriots,12/10/2014,Center,1,Head,82,41.5,Offense,Non-Skilled
Daniel Kilgore,San Francisco 49ers,29/10/2012,Guard,0,Concussion,8,14.43,Offense,Non-Skilled
Dennis Pitta,Baltimore Ravens,18/11/2012,Tight End,0,Head,85,46.44,Offense,Skilled
Shea McClellin,Chicago Bears,11/11/2012,Defensive End,1,Concussion,27,31,Defense,Non-Skilled
Brent Celek,Philadelphia Eagles,9/12/2012,Tight End,1,Concussion,64,66.5,Offense,Skilled
Johnathan Franklin,Green Bay Packers,24/11/2013,Running Back,5,Concussion,0,13.9,Offense,Skilled
Stephen Hill,New York Jets,29/09/2013,Wide Receiver,0,Concussion,31,69.66999999999999,Offense,Skilled
Joe Webb,Minnesota Vikings,24/11/2013,Wide Receiver,0,Concussion,6,22.9,Offense,Skilled
Jeff Maehl,Philadelphia Eagles,1/12/2013,Wide Receiver,0,Concussion,6,14.18,Offense,Skilled
Steve Vallos,Denver Broncos,22/12/2013,Center,1,Concussion,7,8.139999999999999,Offense,Non-Skilled
Dwight Lowery,Jacksonville Jaguars,22/09/2013,Safety,13,Concussion,0,62.5,Defense,Non-Skilled
Ryan Mathews,San Diego Chargers,6/10/2013,Running Back,0,Concussion,40,25.25,Offense,Skilled
Darren Sproles,New Orleans Saints,3/11/2013,Running Back,0,Concussion,37,31.88,Offense,Skilled
Joe Reitz,Indianapolis Colts,2/12/2012,Guard,1,Head,64,66.2,Offense,Non-Skilled
Theo Riddick,Detroit Lions,6/10/2013,Running Back,2,Concussion,20,22.5,Offense,Skilled
William Middleton,Jacksonville Jaguars,18/11/2012,Comerback,6,Concussion,0,28.67,Defense,Non-Skilled
Johnny White,Green Bay Packers,25/11/2012,Running Back,7,Concussion,0,12.33,Offense,Skilled
Andre Brown,New York Giants,7/10/2012,Running Back,1,Concussion,25,36.25,Offense,Skilled
K.J. Wright,Seattle Seahawks,4/11/2012,Linebacker,1,Concussion,71,73.75,Defense,Non-Skilled
Reggie Walker,Arizona Cardinals,4/10/2012,Linebacker,2,Head,20,28.75,Defense,Non-Skilled
Tracy Porter,Denver Broncos,23/12/2012,Comerback,2,Concussion,0,63.8,Defense,Non-Skilled
Laurent Robinson,Jacksonville Jaguars,23/09/2012,Wide Receiver,0,Concussion,26,56,Offense,Skilled
Omar Bolden,Denver Broncos,18/11/2012,Comerback,0,Concussion,12,22.67,Defense,Non-Skilled
Isaac Redman,Pittsburgh Steelers,18/11/2012,Running Back,0,Concussion,5,28.86,Offense,Skilled
Domenik Hixon,New York Giants,16/09/2012,Wide Receiver,1,Concussion,62,29,Offense,Skilled
Eddie Lacy,Green Bay Packers,15/09/2013,Running Back,1,Concussion,54,41,Offense,Skilled
LaRon Byrd,Arizona Cardinals,25/11/2012,Wide Receiver,2,Head,20,1,Offense,Skilled
Bernard Pierce,Baltimore Ravens,16/12/2012,Running Back,0,Head,22,12.69,Offense,Skilled
Dunta Robinson,Atlanta Falcons,30/12/2012,Comerback,0,Head,63,62,Defense,Non-Skilled
Raymond Ventrone,San Francisco 49ers,22/09/2013,Safety,0,Concussion,25,20,Defense,Non-Skilled
Jermichael Finley,Green Bay Packers,22/09/2013,Tight End,0,Concussion,45,51,Offense,Skilled
Nolan Carroll,Miami Dolphins,31/10/2013,Comerback,0,Concussion,73,58.86,Defense,Non-Skilled
Ellis Lankster,New York Jets,23/12/2012,Comerback,1,Concussion,0,41.14,Defense,Non-Skilled
Billy Winn,Cleveland Browns,16/09/2012,Defensive Tackle,0,Head,56,69,Defense,Non-Skilled
Kyle Arrington,New England Patriots,28/10/2012,Comerback,0,Concussion,86,74.29,Defense,Non-Skilled
Ernie Sims,Dallas Cowboys,16/12/2012,Linebacker,0,Concussion,20,54.43,Defense,Non-Skilled
Justin Bethel,Arizona Cardinals,17/11/2013,Comerback,0,Concussion,17,21.22,Defense,Non-Skilled
Antoine Caldwell,Houston Texans,14/10/2012,Guard,0,Concussion,48,48,Offense,Non-Skilled
Craig Stevens,Tennessee Titans,24/11/2013,Tight End,1,Concussion,15,43.9,Offense,Skilled
Dre Kirkpatrick,Cincinnati Bengals,2/12/2012,Comerback,4,Head,0,21.5,Defense,Non-Skilled
Adrian Robinson,Pittsburgh Steelers,21/10/2012,Linebacker,0,Concussion,7,3,Defense,Non-Skilled
Rashean Mathis,Detroit Lions,29/09/2013,Comerback,0,Head,68,49.67,Defense,Non-Skilled
Nick Kasa,Oakland Raiders,8/12/2013,Tight End,0,Concussion,11,7.42,Offense,Skilled
Terron Armstead,New Orleans Saints,28/09/2014,Offensive Tackle,0,Concussion,89,76.33,Offense,Non-Skilled
Christopher Conte,Chicago Bears,5/10/2014,Safety,0,Concussion,26,42,Defense,Non-Skilled
Michael Hoomanawanui,New England Patriots,30/09/2012,Tight End,2,Concussion,20,17.67,Offense,Skilled
Phillip Adams,Oakland Raiders,16/12/2012,Comerback,0,Concussion,25,23.77,Defense,Non-Skilled
Gino Gradkowski,Baltimore Ravens,12/01/2013,Guard,0,Head,5,11.71,Offense,Non-Skilled
Devin Hester,Chicago Bears,25/11/2012,Wide Receiver,1,Concussion,61,36.7,Offense,Skilled
Kevin Rutland,Jacksonville Jaguars,23/09/2012,Comerback,2,Concussion,6,19.5,Defense,Non-Skilled
Joshua Cribbs,Cleveland Browns,27/09/2012,Wide Receiver,0,Head,27,23.67,Offense,Skilled
Nate Eachus,Kansas City Chiefs,28/10/2012,Running Back,1,Head,32,28.5,Offense,Skilled
Delanie Walker,Tennessee Titans,1/12/2013,Tight End,1,Concussion,77,54.55,Offense,Skilled
Brady Quinn,Kansas City Chiefs,28/10/2012,Quarterback,2,Head,30,39,Offense,Skilled
Joe Reitz,Indianapolis Colts,15/12/2013,Guard,3,Concussion,0,15.17,Offense,Non-Skilled
Mike Tolbert,Carolina Panthers,4/11/2012,Full Back,0,Head,22,33,Offense,Skilled
Peyton Hillis,New York Giants,15/12/2013,Running Back,1,Concussion,41,25.25,Offense,Skilled
Bilal Powell,New York Jets,11/11/2012,Running Back,0,Concussion,28,31,Offense,Skilled
Anthony Allen,Baltimore Ravens,12/01/2013,Running Back,0,Head,16,24.35,Offense,Skilled
Kyle Wilson,New York Jets,13/10/2013,Comerback,0,Concussion,70,54,Defense,Non-Skilled
Omar Bolden,Denver Broncos,24/11/2013,Safety,0,Concussion,25,22.2,Defense,Non-Skilled
Chris Prosinski,Jacksonville Jaguars,5/12/2013,Safety,0,Concussion,82,0,Defense,Non-Skilled
Joseph Randle,Dallas Cowboys,14/09/2014,Running Back,0,Concussion,9,3,Offense,Skilled
John Sullivan,Minnesota Vikings,19/10/2014,Center,0,Concussion,74,62.57,Offense,Non-Skilled
Montell Owens,Jacksonville Jaguars,23/09/2012,Running Back,0,Concussion,18,32.5,Offense,Skilled
William Powell,Arizona Cardinals,4/10/2012,Running Back,0,Head,35,40,Offense,Skilled
Phillip Adams,Oakland Raiders,2/12/2012,Comerback,0,Concussion,61,21.27,Defense,Non-Skilled
Mychal Rivera,Oakland Raiders,24/11/2013,Tight End,0,Concussion,42,51.5,Offense,Skilled
Brodrick Bunkley,New Orleans Saints,19/10/2014,Defensive Tackle,0,Concussion,24,27.5,Defense,Non-Skilled
Lamin Barrow,Denver Broncos,23/10/2014,Linebacker,0,Concussion,30,28.5,Defense,Non-Skilled
James Harrison,Cincinnati Bengals,15/12/2013,Linebacker,1,Concussion,27,30.77,Defense,Non-Skilled
Martin Tevaseu,Indianapolis Colts,25/11/2012,Defensive Tackle,0,Head,24,14,Defense,Non-Skilled
Ramon Foster,Pittsburgh Steelers,27/10/2013,Guard,0,Concussion,80,58,Offense,Non-Skilled
David Amerson,Washington Redskins,12/10/2014,Comerback,0,Concussion,59,73.4,Defense,Non-Skilled
Christopher Owens,Atlanta Falcons,17/09/2012,Comerback,2,Head,21,32,Defense,Non-Skilled
Justin Hunter,Tennessee Titans,14/11/2013,Wide Receiver,0,Concussion,39,17.130000000000003,Offense,Skilled
Daren Bates,St. Louis Rams,24/11/2013,Linebacker,1,Concussion,17,19.6,Defense,Non-Skilled
Jeron Johnson,Seattle Seahawks,26/10/2014,Safety,1,Concussion,75,23.67,Defense,Non-Skilled
Will Rackley,Jacksonville Jaguars,27/10/2013,Guard,2,Concussion,72,62.86,Offense,Non-Skilled
Bryan Walters,Seattle Seahawks,19/10/2014,Wide Receiver,2,Concussion,10,16.67,Offense,Skilled
Rashad Jennings,Jacksonville Jaguars,2/12/2012,Running Back,4,Concussion,0,38.33,Offense,Skilled
Keith Brooking,Denver Broncos,7/10/2012,Linebacker,0,Concussion,37,33.5,Defense,Non-Skilled
Jeff Allen,Kansas City Chiefs,1/11/2012,Guard,0,Head,68,50.71,Offense,Non-Skilled
Matt Giordano,Oakland Raiders,2/12/2012,Safety,0,Concussion,87,61.36,Defense,Non-Skilled
Vernon Davis,San Francisco 49ers,23/12/2012,Tight End,0,Concussion,60,60.07,Offense,Skilled
Chris Ogbonnaya,Cleveland Browns,3/10/2013,Running Back,0,Concussion,55,52.75,Offense,Skilled
Andre Fluellen,Detroit Lions,20/10/2013,Defensive Tackle,0,Concussion,19,16.330000000000002,Defense,Non-Skilled
Nate Irving,Denver Broncos,23/09/2012,Linebacker,1,Concussion,24,21.5,Defense,Non-Skilled
Garrett Graham,Houston Texans,2/12/2012,Tight End,1,Concussion,46,50.27,Offense,Skilled
Jabari Greer,New Orleans Saints,23/12/2012,Comerback,1,Concussion,0,61.849999999999994,Defense,Non-Skilled
Josh Thomas,Carolina Panthers,15/09/2013,Comerback,1,Concussion,65,71,Defense,Non-Skilled
Dan Connolly,New England Patriots,13/10/2013,Guard,1,Concussion,80,74.8,Offense,Non-Skilled
Kevin Boss,Kansas City Chiefs,16/09/2012,Tight End,14,Head,0,37,Offense,Skilled
Luke Joeckel,Jacksonville Jaguars,26/10/2014,Offensive Tackle,0,Concussion,66,68.14,Offense,Non-Skilled
Usama Young,Cleveland Browns,25/11/2012,Safety,1,Head,28,56.220000000000006,Defense,Non-Skilled
Da'Quan Bowers,Tampa Bay Buccaneers,11/11/2013,Defensive End,1,Concussion,19,18.5,Defense,Non-Skilled
Thomas DeCoud,Atlanta Falcons,8/12/2013,Safety,1,Concussion,66,77.58,Defense,Non-Skilled
Josh Norman,Carolina Panthers,5/10/2014,Comerback,2,Concussion,71,32,Defense,Non-Skilled
Phillip Gaines,Kansas City Chiefs,5/10/2014,Comerback,0,Concussion,49,14.25,Defense,Non-Skilled
Percy Harvin,Seattle Seahawks,11/01/2014,Wide Receiver,1,Concussion,31,21,Offense,Skilled
Marcus Gilbert,Pittsburgh Steelers,20/10/2014,Offensive Tackle,1,Concussion,75,66.71000000000001,Offense,Non-Skilled
Early Doucet,Arizona Cardinals,9/12/2012,Wide Receiver,3,Concussion,0,43.36,Offense,Skilled
Dexter McCluster,Kansas City Chiefs,25/11/2012,Wide Receiver,0,Head,24,40,Offense,Skilled
Craig Steltz,Chicago Bears,17/11/2013,Safety,0,Concussion,16,19.88,Defense,Non-Skilled
LaMar Miller,Miami Dolphins,8/12/2013,Running Back,0,Concussion,38,40.92,Offense,Skilled
Duke Ihenacho,Denver Broncos,29/12/2013,Safety,0,Concussion,45,56.790000000000006,Defense,Non-Skilled
Brandon Flowers,San Diego Chargers,19/10/2014,Comerback,1,Concussion,59,54,Defense,Non-Skilled
Cody Davis,St. Louis Rams,26/10/2014,Safety,1,Concussion,22,21,Defense,Non-Skilled
Earl Bennett,Chicago Bears,2/12/2012,Wide Receiver,2,Concussion,31,40.89,Offense,Skilled
Michael Vick,Philadelphia Eagles,11/11/2012,Quarterback,6,Concussion,60,73.38,Offense,Skilled
David Amerson,Washington Redskins,13/10/2013,Comerback,0,Concussion,32,65,Defense,Non-Skilled
Dwayne Gratz,Jacksonville Jaguars,28/09/2014,Comerback,1,Concussion,28,84.66999999999999,Defense,Non-Skilled
Vernon Davis,San Francisco 49ers,10/11/2013,Tight End,0,Concussion,56,46.5,Offense,Skilled
Eugene Sims,St. Louis Rams,30/09/2012,Defensive End,1,Head,36,49.33,Defense,Non-Skilled
John Carlson,Minnesota Vikings,21/10/2012,Tight End,2,Concussion,12,22.83,Offense,Skilled
Donald Brown,San Diego Chargers,5/10/2014,Linebacker,3,Concussion,20,43.75,Defense,Non-Skilled
Stephen Burton,Jacksonville Jaguars,10/11/2013,Wide Receiver,7,Concussion,0,45.33,Offense,Skilled
Julian Edelman,New England Patriots,22/11/2012,Wide Receiver,0,Concussion,59,41,Offense,Skilled
Jason Snelling,Atlanta Falcons,7/10/2013,Running Back,0,Concussion,28,34,Offense,Skilled
Reed Doughty,Washington Redskins,20/10/2013,Safety,1,Concussion,29,46.5,Defense,Non-Skilled
Willis McGahee,Cleveland Browns,8/12/2013,Running Back,1,Concussion,2,24,Offense,Skilled
Matt Conrath,St. Louis Rams,26/09/2013,Defensive Tackle,5,Concussion,23,20,Defense,Non-Skilled
Alex Smith,San Francisco 49ers,11/11/2012,Quarterback,6,Concussion,6,56.879999999999995,Offense,Skilled
Darcel McBath,San Francisco 49ers,25/11/2012,Safety,0,Concussion,20,21,Defense,Non-Skilled
Zac Stacy,St. Louis Rams,24/11/2013,Running Back,0,Concussion,55,36.63,Offense,Skilled
Reed Doughty,Washington Redskins,1/12/2013,Safety,0,Concussion,57,48.8,Defense,Non-Skilled
William Gholston,Tampa Bay Buccaneers,8/12/2013,Defensive End,0,Head,42,21.5,Defense,Non-Skilled
Chris Culliver,San Francisco 49ers,7/09/2014,Comerback,0,Concussion,59,24,Defense,Non-Skilled
Charlie Peprah,Dallas Cowboys,18/11/2012,Safety,0,Concussion,32,55,Defense,Non-Skilled
Matthew Slater,New England Patriots,22/11/2012,Wide Receiver,0,Concussion,20,18.7,Offense,Skilled
Will Tukuafu,San Francisco 49ers,16/12/2012,Defensive Tackle,0,Concussion,13,22.5,Defense,Non-Skilled
Darrell Stuckey,San Diego Chargers,24/11/2013,Safety,0,Concussion,19,21.2,Defense,Non-Skilled
Niles Paul,Washington Redskins,25/09/2014,Tight End,0,Concussion,48,62,Offense,Skilled
Christian Ponder,Minnesota Vikings,1/12/2013,Quarterback,4,Concussion,0,60.75,Offense,Skilled
Mike Brisiel,Oakland Raiders,14/10/2012,Guard,0,Concussion,85,65.5,Offense,Non-Skilled
Brian Cushing,Houston Texans,29/09/2013,Linebacker,0,Concussion,50,66,Defense,Non-Skilled
Johnny Patrick,San Diego Chargers,17/11/2013,Comerback,0,Concussion,43,51,Defense,Non-Skilled
Jay Cutler,Chicago Bears,11/11/2012,Quarterback,1,Concussion,73,63.5,Offense,Skilled
Mason Foster,Tampa Bay Buccaneers,17/11/2013,Linebacker,1,Concussion,60,56.33,Defense,Non-Skilled
Bill Bentley,Detroit Lions,22/12/2013,Comerback,1,Concussion,0,47.92,Defense,Non-Skilled
Jacquizz Rodgers,Atlanta Falcons,23/12/2013,Running Back,1,Concussion,0,40,Offense,Skilled
Joique Bell,Detroit Lions,28/09/2014,Running Back,2,Concussion,46,38,Offense,Skilled
Laurent Robinson,Jacksonville Jaguars,30/09/2012,Wide Receiver,3,Concussion,45,39,Offense,Skilled
Mike Mitchell,Oakland Raiders,2/12/2012,Safety,0,Concussion,49,32,Defense,Non-Skilled
Chris Williams,St. Louis Rams,24/11/2013,Guard,0,Concussion,72,62.6,Offense,Non-Skilled
Darrius Heyward-Bey,Oakland Raiders,23/09/2012,Wide Receiver,1,Concussion,50,56.5,Offense,Skilled
Ryan Griffin,Houston Texans,10/11/2013,Tight End,1,Concussion,33,28.5,Offense,Skilled
Dan Connolly,New England Patriots,12/10/2014,Guard,1,Concussion,71,72.8,Offense,Non-Skilled
Luke Stocker,Tampa Bay Buccaneers,16/12/2012,Tight End,0,Head,45,38.15,Offense,Skilled
Patrick Peterson,Arizona Cardinals,26/10/2014,Comerback,0,Concussion,68,66.33,Defense,Non-Skilled
T.J. Lang,Green Bay Packers,4/11/2013,Guard,0,Concussion,84,77,Offense,Non-Skilled
Fletcher Cox,Philadelphia Eagles,23/12/2012,Defensive Tackle,1,Concussion,0,41.57,Defense,Non-Skilled
George Selvie,Jacksonville Jaguars,2/12/2012,Defensive End,2,Concussion,30,33.17,Defense,Non-Skilled
Jason Hatcher,Dallas Cowboys,22/11/2012,Defensive Tackle,0,Concussion,54,46,Defense,Non-Skilled
Keith Tandy,Tampa Bay Buccaneers,20/10/2013,Safety,0,Concussion,43,18.2,Defense,Non-Skilled
Kamar Aiken,Baltimore Ravens,12/10/2014,Wide Receiver,0,Concussion,33,18.4,Offense,Skilled
Kevin Ogletree,Dallas Cowboys,18/11/2012,Wide Receiver,1,Concussion,21,34.56,Offense,Skilled
Jeff Cumberland,New York Jets,27/10/2013,Tight End,1,Concussion,51,44.71,Offense,Skilled
Clyde Gates,New York Jets,22/11/2012,Wide Receiver,2,Concussion,17,22.14,Offense,Skilled
Jordan Cameron,Cleveland Browns,16/12/2012,Tight End,2,Head,0,29.77,Offense,Skilled
Alex Smith,Cleveland Browns,16/09/2012,Tight End,3,Head,14,43,Offense,Skilled
Melvin White,Carolina Panthers,13/10/2013,Comerback,0,Concussion,58,28.5,Defense,Non-Skilled
Eddie Lacy,Green Bay Packers,4/09/2014,Running Back,0,Concussion,55,31,Offense,Skilled
Tony Scheffler,Detroit Lions,6/10/2013,Tight End,11,Concussion,0,16.25,Offense,Skilled
Kendall Wright,Tennessee Titans,15/09/2013,Wide Receiver,0,Concussion,45,19,Offense,Skilled
Chris Harris,Denver Broncos,6/10/2013,Comerback,0,Concussion,68,71,Defense,Non-Skilled
Asa Jackson,Baltimore Ravens,11/09/2014,Comerback,0,Concussion,71,57,Defense,Non-Skilled
Isa Abdul-Quddus,New Orleans Saints,25/11/2012,Safety,1,Concussion,86,45.7,Defense,Non-Skilled
Tyler Polumbus,Washington Redskins,16/12/2012,Offensive Tackle,1,Head,62,64.77,Offense,Non-Skilled
Kenny Vaccaro,New Orleans Saints,10/11/2013,Safety,1,Concussion,68,66.75,Defense,Non-Skilled
Phil Taylor,Cleveland Browns,22/12/2013,Offensive Tackle,1,Concussion,0,41.86,Offense,Non-Skilled
Vontaze Burfict,Cincinnati Bengals,14/09/2014,Linebacker,2,Concussion,80,23,Defense,Non-Skilled
Ryan Clark,Pittsburgh Steelers,28/10/2012,Safety,0,Concussion,58,63.4,Defense,Non-Skilled
Coty Sensabaugh,Tennessee Titans,6/10/2013,Comerback,0,Concussion,45,48,Defense,Non-Skilled
Brandon Boykin,Philadelphia Eagles,15/12/2013,Comerback,0,Concussion,53,58.849999999999994,Defense,Non-Skilled
Wallace Gilberry,Cincinnati Bengals,29/12/2013,Defensive End,0,Concussion,33,36.13,Defense,Non-Skilled
O'Brien Schofield,Seattle Seahawks,2/11/2014,Defensive End,0,Head,35,33.89,Defense,Non-Skilled
Daniel Thomas,Miami Dolphins,7/10/2012,Running Back,1,Concussion,49,36.33,Offense,Skilled
Jerel Worthy,Green Bay Packers,28/10/2012,Defensive End,1,Concussion,22,53.86,Defense,Non-Skilled
Uche Nwaneri,Jacksonville Jaguars,23/12/2012,Guard,1,Concussion,0,66.79,Offense,Non-Skilled
Benjamin Watson,New Orleans Saints,10/11/2013,Tight End,1,Concussion,27,40.63,Offense,Skilled
Devin McCourty,New England Patriots,22/12/2013,Safety,1,Concussion,78,84.07,Defense,Non-Skilled
Jordan Reed,Washington Redskins,17/11/2013,Tight End,6,Concussion,0,48.14,Offense,Skilled
Tiquan Underwood,Tampa Bay Buccaneers,18/11/2012,Wide Receiver,0,Head,29,25.86,Offense,Skilled
Terence Newman,Cincinnati Bengals,18/11/2012,Comerback,0,Head,63,62,Defense,Non-Skilled
Donnie Avery,Indianapolis Colts,18/11/2012,Wide Receiver,0,Head,71,66.44000000000001,Offense,Skilled
Roy Miller,Tampa Bay Buccaneers,2/12/2012,Defensive Tackle,1,Head,29,40.73,Defense,Non-Skilled
Sheldon Brown,Cleveland Browns,23/12/2012,Comerback,1,Head,0,61.21,Defense,Non-Skilled
George Iloka,Cincinnati Bengals,8/12/2013,Safety,0,Concussion,63,70,Defense,Non-Skilled
Jason Campbell,Cleveland Browns,24/11/2013,Quarterback,1,Concussion,74,51.25,Offense,Skilled
Robert Griffin III,Washington Redskins,7/10/2012,Quarterback,0,Head,58,71,Offense,Skilled
Torrey Smith,Baltimore Ravens,16/12/2012,Wide Receiver,0,Head,75,60.92,Offense,Skilled
Jay Ratliff,Chicago Bears,14/09/2014,Defensive Tackle,3,Concussion,41,55,Defense,Non-Skilled
Will Johnson,Pittsburgh Steelers,2/12/2012,Full Back,0,Concussion,20,34.27,Offense,Skilled
Jake Long,St. Louis Rams,1/12/2013,Offensive Tackle,0,Concussion,56,67,Offense,Non-Skilled
Jon Baldwin,Kansas City Chiefs,12/11/2012,Wide Receiver,1,Head,26,39,Offense,Skilled
Morris Claiborne,Dallas Cowboys,9/12/2012,Comerback,1,Concussion,93,58.5,Defense,Non-Skilled
Joe Reitz,Indianapolis Colts,30/12/2012,Guard,1,Concussion,0,58.63,Offense,Non-Skilled
Johnathan Cyprien,Jacksonville Jaguars,7/09/2014,Safety,1,Concussion,78,37,Defense,Non-Skilled
Omar Bolden,Denver Broncos,19/10/2014,Comerback,1,Concussion,17,24.33,Defense,Non-Skilled
Anthony Fasano,Kansas City Chiefs,1/12/2013,Tight End,2,Concussion,53,59.86,Offense,Skilled
Eric Reid,San Francisco 49ers,15/09/2013,Safety,0,Concussion,77,67,Defense,Non-Skilled
Jerrell Freeman,Indianapolis Colts,14/10/2013,Linebacker,0,Concussion,78,56.8,Defense,Non-Skilled
Corey Liuget,San Diego Chargers,28/09/2014,Defensive End,0,Concussion,27,46.67,Defense,Non-Skilled
Eric Fisher,Kansas City Chiefs,29/09/2013,Offensive Tackle,1,Concussion,67,75.33,Offense,Non-Skilled
Phil Loadholt,Minnesota Vikings,3/11/2013,Offensive Tackle,1,Concussion,78,65.86,Offense,Non-Skilled
Alex Green,Green Bay Packers,16/12/2012,Running Back,2,Concussion,1,29.55,Offense,Skilled
John Carlson,Minnesota Vikings,8/12/2013,Tight End,3,Concussion,0,45.42,Offense,Skilled
D'Qwell Jackson,Cleveland Browns,7/10/2012,Linebacker,0,Head,75,84,Defense,Non-Skilled
Joe Staley,San Francisco 49ers,14/10/2012,Offensive Tackle,0,Concussion,61,67.4,Offense,Non-Skilled
Barry Richardson,St. Louis Rams,28/10/2012,Offensive Tackle,0,Head,88,66.14,Offense,Non-Skilled
Santana Moss,Washington Redskins,4/11/2012,Wide Receiver,0,Head,22,28.75,Offense,Skilled
Elbert Mack,New Orleans Saints,18/11/2012,Comerback,1,Concussion,39,6,Defense,Non-Skilled
Eric Wright,Tampa Bay Buccaneers,30/09/2012,Comerback,0,Head,68,63.33,Defense,Non-Skilled
Lawrence Jackson,Detroit Lions,2/12/2012,Defensive End,0,Concussion,33,28.2,Defense,Non-Skilled
Eric Reid,San Francisco 49ers,10/11/2013,Safety,0,Concussion,75,67.75,Defense,Non-Skilled
Josh McNary,Indianapolis Colts,4/01/2014,Linebacker,0,Concussion,38,37.6,Defense,Non-Skilled
Terrell McClain,Dallas Cowboys,21/09/2014,Defensive Tackle,1,Concussion,18,20,Defense,Non-Skilled
Jeremy Mincey,Jacksonville Jaguars,29/09/2013,Defensive End,3,Concussion,21,29.67,Defense,Non-Skilled
Trumaine Johnson,St. Louis Rams,24/11/2013,Comerback,0,Concussion,65,57.2,Defense,Non-Skilled
Vontaze Burfict,Cincinnati Bengals,22/12/2013,Linebacker,0,Concussion,69,70.21000000000001,Defense,Non-Skilled
Fred Jackson,Buffalo Bills,11/11/2012,Running Back,1,Concussion,32,30.33,Offense,Skilled
Drayton Florence,Detroit Lions,18/11/2012,Comerback,0,Concussion,84,45.5,Defense,Non-Skilled
Antonio Allen,New York Jets,3/11/2013,Safety,0,Concussion,6,53.13,Defense,Non-Skilled
Vance Walker,Oakland Raiders,8/12/2013,Defensive Tackle,1,Concussion,60,55.58,Defense,Non-Skilled
K'Waun Williams,Cleveland Browns,12/10/2014,Comerback,1,Concussion,15,26.8,Defense,Non-Skilled
Jordan Pugh,Washington Redskins,14/10/2012,Safety,0,Head,43,12.5,Defense,Non-Skilled
Arthur Jones,Baltimore Ravens,22/12/2013,Defensive Tackle,1,Concussion,0,41,Defense,Non-Skilled
Jason Pinkston,Cleveland Browns,22/12/2013,Guard,1,Concussion,0,60,Offense,Non-Skilled
Mike Iupati,San Francisco 49ers,13/10/2014,Guard,1,Concussion,71,73.4,Offense,Non-Skilled
Red Bryant,Seattle Seahawks,3/11/2013,Defensive End,1,Concussion,39,35.5,Defense,Non-Skilled
Rashad Jennings,Oakland Raiders,28/11/2013,Running Back,1,Concussion,62,43.27,Offense,Skilled
Vince Williams,Pittsburgh Steelers,3/11/2013,Linebacker,0,Concussion,33,43,Defense,Non-Skilled
Ramses Barden,New York Giants,30/09/2012,Wide Receiver,1,Concussion,13,42.33,Offense,Skilled
Jarvis Jones,Pittsburgh Steelers,13/10/2013,Linebacker,1,Concussion,14,57.25,Defense,Non-Skilled
Max Unger,Seattle Seahawks,3/11/2013,Center,1,Concussion,45,64.16999999999999,Offense,Non-Skilled
Brandon Bostick,Green Bay Packers,24/11/2013,Tight End,1,Concussion,26,26.88,Offense,Skilled
Scott Chandler,Buffalo Bills,30/09/2012,Tight End,0,Head,43,59.33,Offense,Skilled
Javier Arenas,Kansas City Chiefs,1/11/2012,Comerback,0,Head,72,32.86,Defense,Non-Skilled
Kyle Rudolph,Minnesota Vikings,25/11/2012,Tight End,0,Concussion,47,63.2,Offense,Skilled
Tony Moeaki,Kansas City Chiefs,16/12/2012,Tight End,1,Head,36,63.309999999999995,Offense,Skilled
Garrett Graham,Houston Texans,5/01/2013,Tight End,0,Concussion,46,46.4,Offense,Skilled
George Selvie,Dallas Cowboys,29/09/2013,Defensive End,0,Concussion,66,46.33,Defense,Non-Skilled
Danny Amendola,New England Patriots,13/10/2013,Wide Receiver,1,Concussion,38,47.5,Offense,Skilled
Chaz Schilens,New York Jets,22/11/2012,Wide Receiver,0,Concussion,43,44.4,Offense,Skilled
Alex Smith,Cincinnati Bengals,22/12/2013,Tight End,0,Concussion,37,31.14,Offense,Skilled
Terrelle Pryor,Oakland Raiders,23/09/2013,Quarterback,1,Concussion,58,63,Offense,Skilled
Andre Brown,New York Giants,22/12/2013,Running Back,1,Concussion,28,47,Offense,Skilled
Stephen Burton,Jacksonville Jaguars,22/09/2013,Wide Receiver,5,Concussion,22,43,Offense,Skilled
Donald Jones,Buffalo Bills,30/09/2012,Wide Receiver,0,Head,45,59,Offense,Skilled
Wes Welker,Denver Broncos,8/12/2013,Wide Receiver,3,Concussion,68,61.25,Offense,Skilled
Craig Dahl,St. Louis Rams,9/12/2012,Safety,0,Head,75,81.42,Defense,Non-Skilled
Mychal Kendricks,Philadelphia Eagles,23/12/2012,Linebacker,1,Concussion,0,62.790000000000006,Defense,Non-Skilled
Jordan Cameron,Cleveland Browns,15/12/2013,Tight End,1,Concussion,39,67.69,Offense,Skilled
Nate Solder,New England Patriots,15/12/2013,Offensive Tackle,1,Concussion,81,79.46000000000001,Offense,Non-Skilled
Dwayne Bowe,Kansas City Chiefs,22/12/2013,Wide Receiver,1,Concussion,71,56.07,Offense,Skilled
Harrison Smith,Minnesota Vikings,25/11/2012,Safety,0,Concussion,92,72.5,Defense,Non-Skilled
LeSean McCoy,Philadelphia Eagles,18/11/2012,Running Back,4,Concussion,64,60,Offense,Skilled
Amari Spievey,Detroit Lions,22/10/2012,Safety,10,Concussion,0,53.25,Defense,Non-Skilled
Craig Stevens,Tennessee Titans,21/10/2012,Tight End,0,Concussion,53,47,Offense,Skilled
Billy Bajema,Baltimore Ravens,30/12/2012,Tight End,0,Head,10,22.29,Offense,Skilled
Cecil Shorts,Jacksonville Jaguars,2/12/2012,Wide Receiver,1,Concussion,62,42.82,Offense,Skilled
Brandon Myers,Oakland Raiders,23/09/2012,Tight End,0,Concussion,67,68,Offense,Skilled
Josh Wilson,Washington Redskins,16/09/2012,Comerback,0,Head,70,80,Defense,Non-Skilled
Shawn Lauvao,Cleveland Browns,16/12/2012,Guard,0,Head,66,69.54,Offense,Non-Skilled
Anthony Allen,Baltimore Ravens,30/12/2012,Running Back,0,Head,19,22.6,Offense,Skilled
John Sullivan,Minnesota Vikings,17/11/2013,Center,0,Concussion,86,62,Offense,Non-Skilled
Nick Foles,Philadelphia Eagles,20/10/2013,Quarterback,1,Concussion,51,29.75,Offense,Skilled
Stanley Havili,Indianapolis Colts,14/11/2013,Full Back,1,Concussion,45,39.71,Offense,Skilled
Matt Giordano,Oakland Raiders,11/11/2012,Safety,0,Concussion,66,59,Defense,Non-Skilled
Mike Brisiel,Oakland Raiders,23/12/2012,Guard,1,Concussion,0,68.43,Offense,Non-Skilled
King Dunlap,San Diego Chargers,22/09/2013,Offensive Tackle,2,Concussion,80,74,Offense,Non-Skilled
Mike Jenkins,Oakland Raiders,24/11/2013,Comerback,0,Concussion,48,66.2,Defense,Non-Skilled
Winston Justice,Indianapolis Colts,2/12/2012,Offensive Tackle,0,Head,33,71.44000000000001,Offense,Non-Skilled
Andre Johnson,Houston Texans,15/09/2013,Wide Receiver,0,Concussion,41,71,Offense,Skilled
Le'Veon Bell,Pittsburgh Steelers,28/11/2013,Running Back,0,Concussion,55,51.63,Offense,Skilled
Brandon Weeden,Cleveland Browns,25/11/2012,Quarterback,0,Head,68,64.6,Offense,Skilled
Larry Fitzgerald,Arizona Cardinals,15/12/2013,Wide Receiver,0,Concussion,64,62.08,Offense,Skilled
Erin Henderson,Minnesota Vikings,16/09/2012,Linebacker,2,Concussion,20,83,Defense,Non-Skilled
Matt Cassel,Kansas City Chiefs,7/10/2012,Quarterback,1,Concussion,51,77,Offense,Skilled
Jacob Lacey,Detroit Lions,14/10/2012,Comerback,2,Concussion,56,55.75,Defense,Non-Skilled
Fernando Velasco,Tennessee Titans,28/10/2012,Center,0,Concussion,59,66.71000000000001,Offense,Non-Skilled
Jimmy Smith,Baltimore Ravens,28/11/2013,Comerback,0,Concussion,65,68.45,Defense,Non-Skilled
Andrew Whitworth,Cincinnati Bengals,13/12/2012,Offensive Tackle,0,Head,68,69.77,Offense,Non-Skilled
Ryan Clark,Pittsburgh Steelers,12/11/2012,Safety,0,Concussion,64,58.290000000000006,Defense,Non-Skilled
Ryan Wendell,New England Patriots,6/10/2013,Center,0,Concussion,92,79,Offense,Non-Skilled
Carlos Dunlap,Cincinnati Bengals,15/12/2013,Defensive End,0,Concussion,44,59.86,Defense,Non-Skilled
Robert Quinn,St. Louis Rams,25/11/2012,Defensive End,0,Concussion,20,63.4,Defense,Non-Skilled
Will Blackmon,Jacksonville Jaguars,22/09/2013,Comerback,0,Head,75,61.5,Defense,Non-Skilled
Kelvin Benjamin,Carolina Panthers,12/10/2014,Wide Receiver,0,Concussion,52,58.4,Offense,Skilled
Craig Stevens,Tennessee Titans,23/12/2012,Tight End,1,Concussion,0,51.879999999999995,Offense,Skilled
Ace Sanders,Jacksonville Jaguars,13/10/2013,Wide Receiver,1,Concussion,5,49.8,Offense,Skilled
Tracy Porter,Oakland Raiders,23/09/2013,Comerback,0,Concussion,68,63,Defense,Non-Skilled
Paul Posluszny,Jacksonville Jaguars,10/11/2013,Linebacker,1,Concussion,60,73.88,Defense,Non-Skilled
Sidney Rice,Seattle Seahawks,2/12/2012,Wide Receiver,0,Head,44,49.09,Offense,Skilled
Muhammad Wilkerson,New York Jets,23/12/2012,Defensive End,0,Concussion,63,61.14,Defense,Non-Skilled
Xavier Rhodes,Minnesota Vikings,24/11/2013,Wide Receiver,0,Concussion,76,53.1,Offense,Skilled
LaRon Landry,Indianapolis Colts,4/01/2014,Safety,0,Concussion,73,65.66999999999999,Defense,Non-Skilled
Colin McCarthy,Tennessee Titans,25/11/2012,Linebacker,5,Concussion,0,59,Defense,Non-Skilled
Brandon LaFell,Carolina Panthers,28/10/2012,Wide Receiver,1,Head,70,56.5,Offense,Skilled
Antrel Rolle,New York Giants,28/10/2012,Safety,0,Concussion,70,62.86,Defense,Non-Skilled
Andrew Whitworth,Cincinnati Bengals,15/12/2013,Defensive End,0,Concussion,83,69.27,Defense,Non-Skilled
Aaron Williams,Buffalo Bills,7/09/2014,Safety,0,Concussion,87,71,Defense,Non-Skilled
Kenny Vaccaro,New Orleans Saints,27/10/2013,Safety,0,Concussion,57,67.5,Defense,Non-Skilled
Michael Johnson,Cincinnati Bengals,29/09/2013,Defensive End,1,Concussion,66,59.33,Defense,Non-Skilled
Nate Livings,Dallas Cowboys,9/12/2012,Guard,0,Concussion,72,74.16999999999999,Offense,Non-Skilled
John Jerry,Miami Dolphins,1/12/2013,Guard,0,Concussion,69,68.27,Offense,Non-Skilled
Rolando McClain,Oakland Raiders,16/09/2012,Linebacker,0,Concussion,78,61,Defense,Non-Skilled
Justin Houston,Kansas City Chiefs,6/10/2013,Linebacker,0,Concussion,76,67.5,Defense,Non-Skilled
LaAdrian Waddle,Detroit Lions,19/10/2014,Offensive Tackle,1,Concussion,48,54,Offense,Non-Skilled
J.R. Sweezy,Seattle Seahawks,15/12/2013,Guard,1,Concussion,72,71.92,Offense,Non-Skilled
Brandon Weeden,Cleveland Browns,1/12/2013,Quarterback,4,Concussion,0,53.86,Offense,Skilled
Buster Skrine,Cleveland Browns,18/11/2012,Comerback,0,Head,55,65.56,Defense,Non-Skilled
T.J. Lang,Green Bay Packers,16/12/2012,Guard,0,Concussion,87,69.92,Offense,Non-Skilled
Ike Taylor,Pittsburgh Steelers,3/11/2013,Comerback,0,Concussion,69,69.71000000000001,Defense,Non-Skilled
A.J. Jefferson,Minnesota Vikings,9/12/2012,Comerback,0,Concussion,84,40,Defense,Non-Skilled
T.J. McDonald,St. Louis Rams,19/10/2014,Safety,0,Concussion,75,73.6,Defense,Non-Skilled
Eric Weddle,San Diego Chargers,25/11/2012,Safety,0,Concussion,90,76,Defense,Non-Skilled
Blidi Wreh-Wilson,Tennessee Titans,28/09/2014,Comerback,1,Concussion,90,78,Defense,Non-Skilled
Josh Sitton,Green Bay Packers,23/12/2012,Guard,0,Concussion,70,73.64,Offense,Non-Skilled
Nate Solder,New England Patriots,8/12/2013,Offensive Tackle,0,Concussion,52,78.83,Offense,Non-Skilled
Tony Jefferson,Arizona Cardinals,26/10/2014,Safety,0,Concussion,33,64.83,Defense,Non-Skilled
